kortnavn;nodetat;kjoretoy_ID;Hendelses_ID;demo_time;Bemanning;Innsatsleder;POINT_X;POINT_Y;sekvens
H;A_B_P;Bilulykke;H_043;2026-01-15T09:59:50Z;;;5.655314;58.896855;0
Z;A_B_P;Bilulykke;H_043;2026-01-15T09:59:50Z;;;5.655314;58.896855;0
Z;A_B_P;Bilulykke;H_043;2026-01-15T09:59:50Z;;;5.655314;58.896855;0
Z;A_B_P;Bilulykke;H_043;2026-01-15T09:59:50Z;;;5.655314;58.896855;0
Z;A_B_P;Bilulykke;H_043;2026-01-15T09:59:50Z;;;5.655314;58.896855;0
Z;A_B_P;Bilulykke;H_043;2026-01-15T09:59:50Z;;;5.655314;58.896855;0
Z;A_B_P;Bilulykke;H_043;2026-01-15T09:59:50Z;;;5.655314;58.896855;0
Z;A_B_P;Bilulykke;H_043;2026-01-15T09:59:50Z;;;5.655314;58.896855;0
Z;A_B_P;Bilulykke;H_043;2026-01-15T09:59:50Z;;;5.655314;58.896855;0
Z;A_B_P;Bilulykke;H_043;2026-01-15T09:59:50Z;;;5.655314;58.896855;0
Z;A_B_P;Bilulykke;H_043;2026-01-15T09:59:50Z;;;5.655314;58.896855;0
Z;A_B_P;Bilulykke;H_043;2026-01-15T09:59:50Z;;;5.655314;58.896855;0
Z;A_B_P;Bilulykke;H_043;2026-01-15T09:59:50Z;;;5.655314;58.896855;0
Z;A_B_P;Bilulykke;H_043;2026-01-15T09:59:50Z;;;5.655314;58.896855;0
Z;A_B_P;Bilulykke;H_043;2026-01-15T09:59:50Z;;;5.655314;58.896855;0
Z;A_B_P;Bilulykke;H_043;2026-01-15T09:59:50Z;;;5.655314;58.896855;0
Z;A_B_P;Bilulykke;H_043;2026-01-15T09:59:50Z;;;5.655314;58.896855;0
Z;A_B_P;Bilulykke;H_043;2026-01-15T09:59:50Z;;;5.655314;58.896855;0
Z;A_B_P;Bilulykke;H_043;2026-01-15T09:59:50Z;;;5.655314;58.896855;0
Z;A_B_P;Bilulykke;H_043;2026-01-15T09:59:50Z;;;5.655314;58.896855;0
Z;A_B_P;Bilulykke;H_043;2026-01-15T09:59:50Z;;;5.655314;58.896855;0
Z;A_B_P;Bilulykke;H_043;2026-01-15T09:59:50Z;;;5.655314;58.896855;0
P;Politi;P03;H_043;2026-01-15T10:00:10Z;3;Bjarte Olavsen;5.736538726849496;58.962282891493352;1
P;Politi;P03;H_043;2026-01-15T10:00:11.66Z;3;Bjarte Olavsen;5.736279258005178;58.962493169506487;2
P;Politi;P03;H_043;2026-01-15T10:00:13.33Z;3;Bjarte Olavsen;5.736019789160861;58.96270344751963;3
A;Ambulanse;A_012;H_043;2026-01-15T10:00:15Z;3;Ole Kyrres;5.703256652737275;58.929507728293736;1
P;Politi;P03;H_043;2026-01-15T10:00:15Z;3;Bjarte Olavsen;5.735760320316543;58.962913725532765;4
A;Ambulanse;A_012;H_043;2026-01-15T10:00:16.66Z;3;Ole Kyrres;5.702506431528143;58.92935211439751;2
P;Politi;P03;H_043;2026-01-15T10:00:16.66Z;3;Bjarte Olavsen;5.735459886521333;58.963261213682806;5
A;Ambulanse;A_012;H_043;2026-01-15T10:00:18.33Z;3;Ole Kyrres;5.701756210319012;58.929196500501291;3
P;Politi;P03;H_043;2026-01-15T10:00:18.33Z;3;Bjarte Olavsen;5.735159452726124;58.963608701832854;6
A;Ambulanse;A_012;H_043;2026-01-15T10:00:20Z;3;Ole Kyrres;5.70100598910988;58.929040886605065;4
P;Politi;P03;H_043;2026-01-15T10:00:20Z;3;Bjarte Olavsen;5.734859018930915;58.963956189982895;7
P;Politi;P07;H_043;2026-01-15T10:00:20Z;2;Bjarte Olavsen;5.648682140535024;58.844178751435727;1
A;Ambulanse;A_012;H_043;2026-01-15T10:00:21.66Z;3;Ole Kyrres;5.700264968654737;58.92916066909595;5
P;Politi;P03;H_043;2026-01-15T10:00:21.66Z;3;Bjarte Olavsen;5.734618310775208;58.964266531115065;8
P;Politi;P07;H_043;2026-01-15T10:00:21.66Z;2;Bjarte Olavsen;5.64901888352273;58.844979085496838;2
A;Ambulanse;A_012;H_043;2026-01-15T10:00:23.33Z;3;Ole Kyrres;5.699523948199593;58.929280451586827;6
P;Politi;P03;H_043;2026-01-15T10:00:23.33Z;3;Bjarte Olavsen;5.7343776026195;58.964576872247228;9
P;Politi;P07;H_043;2026-01-15T10:00:23.33Z;2;Bjarte Olavsen;5.649355626510436;58.845779419557942;3
A;Ambulanse;A_012;H_043;2026-01-15T10:00:25Z;3;Ole Kyrres;5.69878292774445;58.929400234077711;7
P;Politi;P03;H_043;2026-01-15T10:00:25Z;3;Bjarte Olavsen;5.734136894463793;58.964887213379399;10
P;Politi;P07;H_043;2026-01-15T10:00:25Z;2;Bjarte Olavsen;5.649692369498143;58.846579753619054;4
A;Ambulanse;A_012;H_043;2026-01-15T10:00:26.66Z;3;Ole Kyrres;5.698353567654369;58.929711315281793;8
P;Politi;P03;H_043;2026-01-15T10:00:26.66Z;3;Bjarte Olavsen;5.733677145585954;58.965187659671074;11
P;Politi;P07;H_043;2026-01-15T10:00:26.66Z;2;Bjarte Olavsen;5.650807809504891;58.847982824341379;5
A;Ambulanse;A_012;H_043;2026-01-15T10:00:28.33Z;3;Ole Kyrres;5.697924207564289;58.930022396485882;9
P;Politi;P03;H_043;2026-01-15T10:00:28.33Z;3;Bjarte Olavsen;5.733217396708115;58.965488105962741;12
P;Politi;P07;H_043;2026-01-15T10:00:28.33Z;2;Bjarte Olavsen;5.65192324951164;58.849385895063712;6
A;Ambulanse;A_012;H_043;2026-01-15T10:00:30Z;3;Ole Kyrres;5.697494847474208;58.930333477689963;10
B;Brann;KV_001;H_043;2026-01-15T10:00:30Z;4;Jon Johnsen;5.613562547220503;58.974715503028257;1
P;Politi;P03;H_043;2026-01-15T10:00:30Z;3;Bjarte Olavsen;5.732757647830276;58.965788552254416;13
P;Politi;P07;H_043;2026-01-15T10:00:30Z;2;Bjarte Olavsen;5.653038689518388;58.850788965786037;7
A;Ambulanse;A_012;H_043;2026-01-15T10:00:31.66Z;3;Ole Kyrres;5.69698012246895;58.930546781085745;11
B;Brann;KV_001;H_043;2026-01-15T10:00:31.66Z;4;Jon Johnsen;5.613372146736324;58.974006471161289;2
P;Politi;P03;H_043;2026-01-15T10:00:31.66Z;3;Bjarte Olavsen;5.732136459080503;58.96566867051223;14
P;Politi;P07;H_043;2026-01-15T10:00:31.66Z;2;Bjarte Olavsen;5.651449716860401;58.851534878220328;8
A;Ambulanse;A_012;H_043;2026-01-15T10:00:33.33Z;3;Ole Kyrres;5.696465397463694;58.93076008448152;12
B;Brann;KV_001;H_043;2026-01-15T10:00:33.33Z;4;Jon Johnsen;5.613181746252145;58.973297439294321;3
P;Politi;P03;H_043;2026-01-15T10:00:33.33Z;3;Bjarte Olavsen;5.73151527033073;58.965548788770043;15
P;Politi;P07;H_043;2026-01-15T10:00:33.33Z;2;Bjarte Olavsen;5.649860744202415;58.852280790654611;9
A;Ambulanse;A_012;H_043;2026-01-15T10:00:35Z;3;Ole Kyrres;5.695950672458436;58.930973387877302;13
B;Brann;KV_001;H_043;2026-01-15T10:00:35Z;4;Jon Johnsen;5.612991345767966;58.972588407427352;4
P;Politi;P03;H_043;2026-01-15T10:00:35Z;3;Bjarte Olavsen;5.730894081580957;58.965428907027857;16
P;Politi;P07;H_043;2026-01-15T10:00:35Z;2;Bjarte Olavsen;5.648271771544428;58.853026703088901;10
A;Ambulanse;A_012;H_043;2026-01-15T10:00:36.66Z;3;Ole Kyrres;5.695607400467583;58.930726758574714;14
B;Brann;KV_001;H_043;2026-01-15T10:00:36.66Z;4;Jon Johnsen;5.612829348992451;58.971610879089745;5
P;Politi;P03;H_043;2026-01-15T10:00:36.66Z;3;Bjarte Olavsen;5.730236753415485;58.965259023462011;17
P;Politi;P07;H_043;2026-01-15T10:00:36.66Z;2;Bjarte Olavsen;5.646777398904406;58.854239180555219;11
A;Ambulanse;A_012;H_043;2026-01-15T10:00:38.33Z;3;Ole Kyrres;5.695264128476728;58.930480129272134;15
B;Brann;KV_001;H_043;2026-01-15T10:00:38.33Z;4;Jon Johnsen;5.612667352216936;58.970633350752145;6
P;Politi;P03;H_043;2026-01-15T10:00:38.33Z;3;Bjarte Olavsen;5.729579425250014;58.965089139896165;18
P;Politi;P07;H_043;2026-01-15T10:00:38.33Z;2;Bjarte Olavsen;5.645283026264384;58.855451658021543;12
A;Ambulanse;A_012;H_043;2026-01-15T10:00:40Z;3;Ole Kyrres;5.694920856485874;58.930233499969546;16
B;Brann;KV_001;H_043;2026-01-15T10:00:40Z;4;Jon Johnsen;5.61250535544142;58.969655822414538;7
P;Politi;P03;H_043;2026-01-15T10:00:40Z;3;Bjarte Olavsen;5.728922097084542;58.964919256330319;19
P;Politi;P07;H_043;2026-01-15T10:00:40Z;2;Bjarte Olavsen;5.643788653624362;58.856664135487861;13
A;Ambulanse;A_012;H_043;2026-01-15T10:00:41.66Z;3;Ole Kyrres;5.694380150280966;58.92992433858057;17
B;Brann;KV_001;H_043;2026-01-15T10:00:41.66Z;4;Jon Johnsen;5.612557960010107;58.968505794879945;8
P;Politi;P03;H_043;2026-01-15T10:00:41.66Z;3;Bjarte Olavsen;5.7286324612878;58.964633784104684;20
P;Politi;P07;H_043;2026-01-15T10:00:41.66Z;2;Bjarte Olavsen;5.64256449403176;58.85749408469507;14
A;Ambulanse;A_012;H_043;2026-01-15T10:00:43.33Z;3;Ole Kyrres;5.693839444076058;58.9296151771916;18
B;Brann;KV_001;H_043;2026-01-15T10:00:43.33Z;4;Jon Johnsen;5.612610564578794;58.967355767345353;9
P;Politi;P03;H_043;2026-01-15T10:00:43.33Z;3;Bjarte Olavsen;5.728342825491057;58.964348311879043;21
P;Politi;P07;H_043;2026-01-15T10:00:43.33Z;2;Bjarte Olavsen;5.641340334439157;58.858324033902271;15
A;Ambulanse;A_012;H_043;2026-01-15T10:00:45Z;3;Ole Kyrres;5.69329873787115;58.929306015802624;19
B;Brann;KV_001;H_043;2026-01-15T10:00:45Z;4;Jon Johnsen;5.61266316914748;58.966205739810761;10
P;Politi;P03;H_043;2026-01-15T10:00:45Z;3;Bjarte Olavsen;5.728053189694315;58.964062839653408;22
P;Politi;P07;H_043;2026-01-15T10:00:45Z;2;Bjarte Olavsen;5.640116174846554;58.859153983109479;16
A;Ambulanse;A_012;H_043;2026-01-15T10:00:46.66Z;3;Ole Kyrres;5.692697553591137;58.929460006004227;20
B;Brann;KV_001;H_043;2026-01-15T10:00:46.66Z;4;Jon Johnsen;5.613661471891835;58.964961380061176;11
P;Politi;P03;H_043;2026-01-15T10:00:46.66Z;3;Bjarte Olavsen;5.727314383623365;58.963770571433471;23
P;Politi;P07;H_043;2026-01-15T10:00:46.66Z;2;Bjarte Olavsen;5.637959717951596;58.85994446188365;17
A;Ambulanse;A_012;H_043;2026-01-15T10:00:48.33Z;3;Ole Kyrres;5.692096369311123;58.929613996205838;21
B;Brann;KV_001;H_043;2026-01-15T10:00:48.33Z;4;Jon Johnsen;5.61465977463619;58.963717020311599;12
P;Politi;P03;H_043;2026-01-15T10:00:48.33Z;3;Bjarte Olavsen;5.726575577552413;58.963478303213542;24
P;Politi;P07;H_043;2026-01-15T10:00:48.33Z;2;Bjarte Olavsen;5.635803261056639;58.860734940657828;18
A;Ambulanse;A_012;H_043;2026-01-15T10:00:50Z;3;Ole Kyrres;5.69149518503111;58.929767986407441;22
B;Brann;KV_001;H_043;2026-01-15T10:00:50Z;4;Jon Johnsen;5.615658077380545;58.962472660562014;13
P;Politi;P03;H_043;2026-01-15T10:00:50Z;3;Bjarte Olavsen;5.725836771481463;58.963186034993605;25
P;Politi;P07;H_043;2026-01-15T10:00:50Z;2;Bjarte Olavsen;5.633646804161681;58.861525419431999;19
A;Ambulanse;A_012;H_043;2026-01-15T10:00:51.66Z;3;Ole Kyrres;5.690897681596277;58.929874035045231;23
B;Brann;KV_001;H_043;2026-01-15T10:00:51.66Z;4;Jon Johnsen;5.613436869021184;58.96148555033983;14
P;Politi;P03;H_043;2026-01-15T10:00:51.66Z;3;Bjarte Olavsen;5.725205820410151;58.962933136494705;26
P;Politi;P07;H_043;2026-01-15T10:00:51.66Z;2;Bjarte Olavsen;5.631855360213177;58.862399979559257;20
A;Ambulanse;A_012;H_043;2026-01-15T10:00:53.33Z;3;Ole Kyrres;5.690300178161443;58.929980083683013;24
B;Brann;KV_001;H_043;2026-01-15T10:00:53.33Z;4;Jon Johnsen;5.611215660661824;58.96049844011764;15
P;Politi;P03;H_043;2026-01-15T10:00:53.33Z;3;Bjarte Olavsen;5.724574869338839;58.962680237995812;27
P;Politi;P07;H_043;2026-01-15T10:00:53.33Z;2;Bjarte Olavsen;5.630063916264675;58.863274539686515;21
A;Ambulanse;A_012;H_043;2026-01-15T10:00:55Z;3;Ole Kyrres;5.689702674726609;58.930086132320803;25
B;Brann;KV_001;H_043;2026-01-15T10:00:55Z;4;Jon Johnsen;5.608994452302462;58.959511329895456;16
P;Politi;P03;H_043;2026-01-15T10:00:55Z;3;Bjarte Olavsen;5.723943918267527;58.962427339496912;28
P;Politi;P07;H_043;2026-01-15T10:00:55Z;2;Bjarte Olavsen;5.628272472316171;58.864149099813773;22
A;Ambulanse;A_012;H_043;2026-01-15T10:00:56.66Z;3;Ole Kyrres;5.688953739116503;58.930200456895214;26
B;Brann;KV_001;H_043;2026-01-15T10:00:56.66Z;4;Jon Johnsen;5.608247587554172;58.95756253407221;17
P;Politi;P03;H_043;2026-01-15T10:00:56.66Z;3;Bjarte Olavsen;5.723847166083197;58.962064981741548;29
P;Politi;P07;H_043;2026-01-15T10:00:56.66Z;2;Bjarte Olavsen;5.630518810236752;58.864658200946863;23
A;Ambulanse;A_012;H_043;2026-01-15T10:00:58.33Z;3;Ole Kyrres;5.688204803506397;58.930314781469633;27
B;Brann;KV_001;H_043;2026-01-15T10:00:58.33Z;4;Jon Johnsen;5.607500722805883;58.955613738248957;18
P;Politi;P03;H_043;2026-01-15T10:00:58.33Z;3;Bjarte Olavsen;5.723750413898867;58.961702623986191;30
P;Politi;P07;H_043;2026-01-15T10:00:58.33Z;2;Bjarte Olavsen;5.632765148157332;58.865167302079961;24
A;Ambulanse;A_012;H_043;2026-01-15T10:01:00Z;3;Ole Kyrres;5.687455867896291;58.930429106044045;28
B;Brann;KV_001;H_043;2026-01-15T10:01:00Z;4;Jon Johnsen;5.606753858057592;58.953664942425711;19
P;Politi;P03;H_043;2026-01-15T10:01:00Z;3;Bjarte Olavsen;5.723653661714537;58.961340266230827;31
P;Politi;P07;H_043;2026-01-15T10:01:00Z;2;Bjarte Olavsen;5.635011486077913;58.865676403213051;25
A;Ambulanse;A_012;H_043;2026-01-15T10:01:01.66Z;3;Ole Kyrres;5.687452740481225;58.930028808243591;29
B;Brann;KV_001;H_043;2026-01-15T10:01:01.66Z;4;Jon Johnsen;5.604832009763677;58.952108166763701;20
P;Politi;P03;H_043;2026-01-15T10:01:01.66Z;3;Bjarte Olavsen;5.723404875581137;58.960974814112745;32
P;Politi;P07;H_043;2026-01-15T10:01:01.66Z;2;Bjarte Olavsen;5.638843704259699;58.866473608177529;26
A;Ambulanse;A_012;H_043;2026-01-15T10:01:03.33Z;3;Ole Kyrres;5.68744961306616;58.929628510443145;30
B;Brann;KV_001;H_043;2026-01-15T10:01:03.33Z;4;Jon Johnsen;5.602910161469763;58.950551391101683;21
P;Politi;P03;H_043;2026-01-15T10:01:03.33Z;3;Bjarte Olavsen;5.723156089447736;58.960609361994656;33
P;Politi;P07;H_043;2026-01-15T10:01:03.33Z;2;Bjarte Olavsen;5.642675922441485;58.867270813141999;27
A;Ambulanse;A_012;H_043;2026-01-15T10:01:05Z;3;Ole Kyrres;5.687446485651095;58.929228212642691;31
B;Brann;KV_001;H_043;2026-01-15T10:01:05Z;4;Jon Johnsen;5.600988313175847;58.948994615439673;22
P;Politi;P03;H_043;2026-01-15T10:01:05Z;3;Bjarte Olavsen;5.722907303314336;58.960243909876574;34
P;Politi;P07;H_043;2026-01-15T10:01:05Z;2;Bjarte Olavsen;5.646508140623271;58.868068018106477;28
A;Ambulanse;A_012;H_043;2026-01-15T10:01:06.66Z;3;Ole Kyrres;5.687356612102697;58.928701112244696;32
B;Brann;KV_001;H_043;2026-01-15T10:01:06.66Z;4;Jon Johnsen;5.600540915472469;58.94699413793581;23
P;Politi;P03;H_043;2026-01-15T10:01:06.66Z;3;Bjarte Olavsen;5.72278612214055;58.959816608867172;35
P;Politi;P07;H_043;2026-01-15T10:01:06.66Z;2;Bjarte Olavsen;5.648834660068357;58.869099784412931;29
A;Ambulanse;A_012;H_043;2026-01-15T10:01:08.33Z;3;Ole Kyrres;5.687266738554298;58.9281740118467;33
B;Brann;KV_001;H_043;2026-01-15T10:01:08.33Z;4;Jon Johnsen;5.600093517769091;58.94499366043194;24
P;Politi;P03;H_043;2026-01-15T10:01:08.33Z;3;Bjarte Olavsen;5.722664940966765;58.959389307857769;36
P;Politi;P07;H_043;2026-01-15T10:01:08.33Z;2;Bjarte Olavsen;5.651161179513443;58.870131550719385;30
A;Ambulanse;A_012;H_043;2026-01-15T10:01:10Z;3;Ole Kyrres;5.6871768650059;58.927646911448704;34
B;Brann;KV_001;H_043;2026-01-15T10:01:10Z;4;Jon Johnsen;5.599646120065713;58.942993182928078;25
P;Politi;P03;H_043;2026-01-15T10:01:10Z;3;Bjarte Olavsen;5.72254375979298;58.958962006848367;37
P;Politi;P07;H_043;2026-01-15T10:01:10Z;2;Bjarte Olavsen;5.653487698958529;58.871163317025839;31
A;Ambulanse;A_012;H_043;2026-01-15T10:01:11.66Z;3;Ole Kyrres;5.686780186784405;58.927116807179097;35
B;Brann;KV_001;H_043;2026-01-15T10:01:11.66Z;4;Jon Johnsen;5.601989720935302;58.941583406853638;26
P;Politi;P03;H_043;2026-01-15T10:01:11.66Z;3;Bjarte Olavsen;5.722457969895024;58.958545160827939;38
P;Politi;P07;H_043;2026-01-15T10:01:11.66Z;2;Bjarte Olavsen;5.654067622862184;58.872498526366734;32
A;Ambulanse;A_012;H_043;2026-01-15T10:01:13.33Z;3;Ole Kyrres;5.686383508562912;58.926586702909489;36
B;Brann;KV_001;H_043;2026-01-15T10:01:13.33Z;4;Jon Johnsen;5.604333321804891;58.940173630779206;27
P;Politi;P03;H_043;2026-01-15T10:01:13.33Z;3;Bjarte Olavsen;5.72237217999707;58.95812831480751;39
P;Politi;P07;H_043;2026-01-15T10:01:13.33Z;2;Bjarte Olavsen;5.654647546765837;58.873833735707628;33
H;B;Sprekt vannror;H_044;2026-01-15T10:01:14Z;;;5.721319;58.93941;0
A;Ambulanse;A_012;H_043;2026-01-15T10:01:15Z;3;Ole Kyrres;5.685986830341418;58.926056598639882;37
B;Brann;KV_001;H_043;2026-01-15T10:01:15Z;4;Jon Johnsen;5.60667692267448;58.938763854704767;28
P;Politi;P03;H_043;2026-01-15T10:01:15Z;3;Bjarte Olavsen;5.722286390099114;58.957711468787082;40
P;Politi;P07;H_043;2026-01-15T10:01:15Z;2;Bjarte Olavsen;5.655227470669491;58.875168945048522;34
A;Ambulanse;A_012;H_043;2026-01-15T10:01:16.66Z;3;Ole Kyrres;5.685582330514931;58.925521100811459;38
B;Brann;KV_001;H_043;2026-01-15T10:01:16.66Z;4;Jon Johnsen;5.606131248013522;58.93751017812005;29
P;Politi;P03;H_043;2026-01-15T10:01:16.66Z;3;Bjarte Olavsen;5.722105139418676;58.956961459627131;41
P;Politi;P07;H_043;2026-01-15T10:01:16.66Z;2;Bjarte Olavsen;5.655411316617872;58.876532715928455;35
A;Ambulanse;A_012;H_043;2026-01-15T10:01:18.33Z;3;Ole Kyrres;5.685177830688445;58.924985602983028;39
B;Brann;KV_001;H_043;2026-01-15T10:01:18.33Z;4;Jon Johnsen;5.605585573352564;58.93625650153534;30
P;Politi;P03;H_043;2026-01-15T10:01:18.33Z;3;Bjarte Olavsen;5.721923888738236;58.956211450467173;42
P;Politi;P07;H_043;2026-01-15T10:01:18.33Z;2;Bjarte Olavsen;5.655595162566254;58.877896486808389;36
A;Ambulanse;A_012;H_043;2026-01-15T10:01:20Z;3;Ole Kyrres;5.684773330861958;58.924450105154605;40
B;Brann;KV_001;H_043;2026-01-15T10:01:20Z;4;Jon Johnsen;5.605039898691606;58.935002824950622;31
P;Politi;P03;H_043;2026-01-15T10:01:20Z;3;Bjarte Olavsen;5.721742638057798;58.955461441307222;43
P;Politi;P07;H_043;2026-01-15T10:01:20Z;2;Bjarte Olavsen;5.655779008514635;58.879260257688323;37
A;Ambulanse;A_012;H_043;2026-01-15T10:01:21.66Z;3;Ole Kyrres;5.684298309447379;58.923899837867793;41
B;Brann;KV_001;H_043;2026-01-15T10:01:21.66Z;4;Jon Johnsen;5.605893491534669;58.933575816995329;32
P;Politi;P03;H_043;2026-01-15T10:01:21.66Z;3;Bjarte Olavsen;5.721671068088294;58.954044176114628;44
P;Politi;P07;H_043;2026-01-15T10:01:21.66Z;2;Bjarte Olavsen;5.655656368208394;58.879711010089927;38
A;Ambulanse;A_012;H_043;2026-01-15T10:01:23.33Z;3;Ole Kyrres;5.683823288032799;58.923349570580974;42
B;Brann;KV_001;H_043;2026-01-15T10:01:23.33Z;4;Jon Johnsen;5.606747084377732;58.932148809040044;33
P;Politi;P03;H_043;2026-01-15T10:01:23.33Z;3;Bjarte Olavsen;5.721599498118791;58.952626910922035;45
P;Politi;P07;H_043;2026-01-15T10:01:23.33Z;2;Bjarte Olavsen;5.655533727902152;58.880161762491525;39
A;Ambulanse;A_012;H_043;2026-01-15T10:01:25Z;3;Ole Kyrres;5.68334826661822;58.922799303294163;43
B;Brann;KV_001;H_043;2026-01-15T10:01:25Z;4;Jon Johnsen;5.607600677220795;58.930721801084751;34
P;Politi;P03;H_043;2026-01-15T10:01:25Z;3;Bjarte Olavsen;5.721527928149287;58.951209645729442;46
P;Politi;P07;H_043;2026-01-15T10:01:25Z;2;Bjarte Olavsen;5.655411087595911;58.88061251489313;40
B;Brann;SC_003;H_044;2026-01-15T10:01:25Z;6;Arne Arnsen;5.719459155785783;58.953542193831936;1
A;Ambulanse;A_012;H_043;2026-01-15T10:01:26.66Z;3;Ole Kyrres;5.682922992868833;58.922271924408093;44
B;Brann;KV_001;H_043;2026-01-15T10:01:26.66Z;4;Jon Johnsen;5.607177726510684;58.928631208066065;35
P;Politi;P03;H_043;2026-01-15T10:01:26.66Z;3;Bjarte Olavsen;5.722293852183808;58.949558761588314;47
P;Politi;P07;H_043;2026-01-15T10:01:26.66Z;2;Bjarte Olavsen;5.655081769492057;58.881146536028773;41
B;Brann;SC_003;H_044;2026-01-15T10:01:26.66Z;6;Arne Arnsen;5.719527779235408;58.953667656253437;2
A;Ambulanse;A_012;H_043;2026-01-15T10:01:28.33Z;3;Ole Kyrres;5.682497719119445;58.921744545522031;45
B;Brann;KV_001;H_043;2026-01-15T10:01:28.33Z;4;Jon Johnsen;5.606754775800572;58.926540615047386;36
P;Politi;P03;H_043;2026-01-15T10:01:28.33Z;3;Bjarte Olavsen;5.72305977621833;58.947907877447179;48
P;Politi;P07;H_043;2026-01-15T10:01:28.33Z;2;Bjarte Olavsen;5.654752451388203;58.881680557164415;42
B;Brann;SC_003;H_044;2026-01-15T10:01:28.33Z;6;Arne Arnsen;5.719596402685034;58.95379311867493;3
A;Ambulanse;A_012;H_043;2026-01-15T10:01:30Z;3;Ole Kyrres;5.682072445370059;58.921217166635962;46
B;Brann;KV_001;H_043;2026-01-15T10:01:30Z;4;Jon Johnsen;5.606331825090461;58.924450022028701;37
P;Politi;P03;H_043;2026-01-15T10:01:30Z;3;Bjarte Olavsen;5.723825700252851;58.946256993306051;49
P;Politi;P07;H_043;2026-01-15T10:01:30Z;2;Bjarte Olavsen;5.654423133284348;58.882214578300058;43
B;Brann;SC_003;H_044;2026-01-15T10:01:30Z;6;Arne Arnsen;5.719665026134659;58.953918581096431;4
A;Ambulanse;A_012;H_043;2026-01-15T10:01:31.66Z;3;Ole Kyrres;5.681713903776635;58.920718733305684;47
B;Brann;KV_001;H_043;2026-01-15T10:01:31.66Z;4;Jon Johnsen;5.60589063718089;58.923075269293804;38
P;Politi;P03;H_043;2026-01-15T10:01:31.66Z;3;Bjarte Olavsen;5.724450346069103;58.945043051879544;50
P;Politi;P07;H_043;2026-01-15T10:01:31.66Z;2;Bjarte Olavsen;5.654252096774697;58.882789574911683;44
B;Brann;SC_003;H_044;2026-01-15T10:01:31.66Z;6;Arne Arnsen;5.720183282247962;58.954071741859011;5
A;Ambulanse;A_012;H_043;2026-01-15T10:01:33.33Z;3;Ole Kyrres;5.681355362183211;58.920220299975405;48
B;Brann;KV_001;H_043;2026-01-15T10:01:33.33Z;4;Jon Johnsen;5.605449449271318;58.921700516558907;39
P;Politi;P03;H_043;2026-01-15T10:01:33.33Z;3;Bjarte Olavsen;5.725074991885355;58.943829110453045;51
P;Politi;P07;H_043;2026-01-15T10:01:33.33Z;2;Bjarte Olavsen;5.654081060265045;58.883364571523302;45
B;Brann;SC_003;H_044;2026-01-15T10:01:33.33Z;6;Arne Arnsen;5.720701538361265;58.954224902621597;6
A;Ambulanse;A_012;H_043;2026-01-15T10:01:35Z;3;Ole Kyrres;5.680996820589788;58.919721866645126;49
B;Brann;KV_001;H_043;2026-01-15T10:01:35Z;4;Jon Johnsen;5.605008261361747;58.92032576382401;40
P;Politi;P03;H_043;2026-01-15T10:01:35Z;3;Bjarte Olavsen;5.725699637701608;58.942615169026539;52
P;Politi;P07;H_043;2026-01-15T10:01:35Z;2;Bjarte Olavsen;5.653910023755394;58.883939568134927;46
B;Brann;SC_003;H_044;2026-01-15T10:01:35Z;6;Arne Arnsen;5.721219794474568;58.954378063384176;7
A;Ambulanse;A_012;H_043;2026-01-15T10:01:36.66Z;3;Ole Kyrres;5.680604869744423;58.919037833770801;50
B;Brann;KV_001;H_043;2026-01-15T10:01:36.66Z;4;Jon Johnsen;5.604855597010128;58.918806647274472;41
P;Politi;P03;H_043;2026-01-15T10:01:36.66Z;3;Bjarte Olavsen;5.724626670900721;58.941196102824549;53
P;Politi;P07;H_043;2026-01-15T10:01:36.66Z;2;Bjarte Olavsen;5.653783969491208;58.884563036595139;47
B;Brann;SC_003;H_044;2026-01-15T10:01:36.66Z;6;Arne Arnsen;5.721200386630704;58.954174222527236;8
A;Ambulanse;A_012;H_043;2026-01-15T10:01:38.33Z;3;Ole Kyrres;5.680212918899059;58.918353800896469;51
B;Brann;KV_001;H_043;2026-01-15T10:01:38.33Z;4;Jon Johnsen;5.60470293265851;58.917287530724941;42
P;Politi;P03;H_043;2026-01-15T10:01:38.33Z;3;Bjarte Olavsen;5.723553704099834;58.939777036622559;54
P;Politi;P07;H_043;2026-01-15T10:01:38.33Z;2;Bjarte Olavsen;5.653657915227023;58.885186505055351;48
B;Brann;SC_003;H_044;2026-01-15T10:01:38.33Z;6;Arne Arnsen;5.72118097878684;58.953970381670302;9
A;Ambulanse;A_012;H_043;2026-01-15T10:01:40Z;3;Ole Kyrres;5.679820968053694;58.917669768022144;52
B;Brann;KV_001;H_043;2026-01-15T10:01:40Z;4;Jon Johnsen;5.604550268306891;58.915768414175403;43
P;Politi;P03;H_043;2026-01-15T10:01:40Z;3;Bjarte Olavsen;5.722480737298948;58.938357970420569;55
P;Politi;P07;H_043;2026-01-15T10:01:40Z;2;Bjarte Olavsen;5.653531860962837;58.885809973515563;49
B;Brann;SC_003;H_044;2026-01-15T10:01:40Z;6;Arne Arnsen;5.721161570942975;58.953766540813362;10
A;Ambulanse;A_012;H_043;2026-01-15T10:01:41.66Z;3;Ole Kyrres;5.679705936413566;58.917029963970428;53
B;Brann;KV_001;H_043;2026-01-15T10:01:41.66Z;4;Jon Johnsen;5.604477761611331;58.914475844765207;44
P;Politi;P03;H_043;2026-01-15T10:01:41.66Z;3;Bjarte Olavsen;5.721015990289564;58.937545955513208;56
P;Politi;P07;H_043;2026-01-15T10:01:41.66Z;2;Bjarte Olavsen;5.653379073680132;58.886371238869224;50
B;Brann;SC_003;H_044;2026-01-15T10:01:41.66Z;6;Arne Arnsen;5.721225607100208;58.953530175125124;11
A;Ambulanse;A_012;H_043;2026-01-15T10:01:43.33Z;3;Ole Kyrres;5.679590904773436;58.916390159918713;54
B;Brann;KV_001;H_043;2026-01-15T10:01:43.33Z;4;Jon Johnsen;5.604405254915773;58.913183275355003;45
P;Politi;P03;H_043;2026-01-15T10:01:43.33Z;3;Bjarte Olavsen;5.71955124328018;58.936733940605855;57
P;Politi;P07;H_043;2026-01-15T10:01:43.33Z;2;Bjarte Olavsen;5.653226286397429;58.886932504222891;51
B;Brann;SC_003;H_044;2026-01-15T10:01:43.33Z;6;Arne Arnsen;5.721289643257442;58.953293809436879;12
H;A_B;Giftig stoff, lekkasje;H_045;2026-01-15T10:01:44Z;;;5.768113;58.965081;0
A;Ambulanse;A_012;H_043;2026-01-15T10:01:45Z;3;Ole Kyrres;5.679475873133307;58.915750355866997;55
B;Brann;KV_001;H_043;2026-01-15T10:01:45Z;4;Jon Johnsen;5.604332748220213;58.911890705944806;46
P;Politi;P03;H_043;2026-01-15T10:01:45Z;3;Bjarte Olavsen;5.718086496270796;58.935921925698494;58
P;Politi;P07;H_043;2026-01-15T10:01:45Z;2;Bjarte Olavsen;5.653073499114724;58.887493769576551;52
B;Brann;SC_003;H_044;2026-01-15T10:01:45Z;6;Arne Arnsen;5.721353679414674;58.953057443748641;13
A;Ambulanse;A_012;H_043;2026-01-15T10:01:46.66Z;3;Ole Kyrres;5.67949465994535;58.915269705505708;56
B;Brann;KV_001;H_043;2026-01-15T10:01:46.66Z;4;Jon Johnsen;5.605544330118135;58.910581917961643;47
P;Politi;P03;H_043;2026-01-15T10:01:46.66Z;3;Bjarte Olavsen;5.716191528541598;58.935102233636385;59
P;Politi;P07;H_043;2026-01-15T10:01:46.66Z;2;Bjarte Olavsen;5.652997484216189;58.887879874109544;53
B;Brann;SC_003;H_044;2026-01-15T10:01:46.66Z;6;Arne Arnsen;5.721321821336479;58.952727384198589;14
A;Ambulanse;A_012;H_043;2026-01-15T10:01:48.33Z;3;Ole Kyrres;5.679513446757393;58.914789055144425;57
B;Brann;KV_001;H_043;2026-01-15T10:01:48.33Z;4;Jon Johnsen;5.606755912016055;58.90927312997848;48
P;Politi;P03;H_043;2026-01-15T10:01:48.33Z;3;Bjarte Olavsen;5.714296560812401;58.934282541574277;60
P;Politi;P07;H_043;2026-01-15T10:01:48.33Z;2;Bjarte Olavsen;5.652921469317654;58.888265978642529;54
B;Brann;SC_003;H_044;2026-01-15T10:01:48.33Z;6;Arne Arnsen;5.721289963258283;58.952397324648537;15
A;Ambulanse;A_012;H_043;2026-01-15T10:01:50Z;3;Ole Kyrres;5.679532233569436;58.914308404783135;58
B;Brann;KV_001;H_043;2026-01-15T10:01:50Z;4;Jon Johnsen;5.607967493913977;58.907964341995317;49
P;Politi;P03;H_043;2026-01-15T10:01:50Z;3;Bjarte Olavsen;5.712401593083204;58.933462849512168;61
P;Politi;P07;H_043;2026-01-15T10:01:50Z;2;Bjarte Olavsen;5.652845454419119;58.888652083175522;55
B;Brann;SC_003;H_044;2026-01-15T10:01:50Z;6;Arne Arnsen;5.721258105180088;58.952067265098485;16
A;Ambulanse;A_012;H_043;2026-01-15T10:01:51.66Z;3;Ole Kyrres;5.679334421668401;58.913836107038129;59
B;Brann;KV_001;H_043;2026-01-15T10:01:51.66Z;4;Jon Johnsen;5.609661973501892;58.906838018624335;50
P;Politi;P03;H_043;2026-01-15T10:01:51.66Z;3;Bjarte Olavsen;5.711550257079471;58.932824581287747;62
P;Politi;P07;H_043;2026-01-15T10:01:51.66Z;2;Bjarte Olavsen;5.652726631267991;58.889035065083362;56
B;Brann;SC_003;H_044;2026-01-15T10:01:51.66Z;6;Arne Arnsen;5.721327428633444;58.951604745311386;17
A;Ambulanse;A_012;H_043;2026-01-15T10:01:53.33Z;3;Ole Kyrres;5.679136609767367;58.913363809293131;60
B;Brann;KV_001;H_043;2026-01-15T10:01:53.33Z;4;Jon Johnsen;5.611356453089806;58.905711695253359;51
P;Politi;P03;H_043;2026-01-15T10:01:53.33Z;3;Bjarte Olavsen;5.710698921075738;58.932186313063319;63
P;Politi;P07;H_043;2026-01-15T10:01:53.33Z;2;Bjarte Olavsen;5.652607808116863;58.889418046991203;57
B;Brann;SC_003;H_044;2026-01-15T10:01:53.33Z;6;Arne Arnsen;5.721396752086799;58.951142225524286;18
A;Ambulanse;A_012;H_043;2026-01-15T10:01:55Z;3;Ole Kyrres;5.678938797866333;58.912891511548125;61
B;Brann;KV_001;H_043;2026-01-15T10:01:55Z;4;Jon Johnsen;5.613050932677721;58.904585371882376;52
P;Politi;P03;H_043;2026-01-15T10:01:55Z;3;Bjarte Olavsen;5.709847585072006;58.931548044838898;64
P;Politi;P07;H_043;2026-01-15T10:01:55Z;2;Bjarte Olavsen;5.652488984965735;58.889801028899043;58
B;Brann;SC_003;H_044;2026-01-15T10:01:55Z;6;Arne Arnsen;5.721466075540154;58.950679705737187;19
A;Ambulanse;A_012;H_043;2026-01-15T10:01:56.66Z;3;Ole Kyrres;5.678752153786745;58.912583910376199;62
B;Brann;KV_001;H_043;2026-01-15T10:01:56.66Z;4;Jon Johnsen;5.613450086296766;58.902996369329507;53
P;Politi;P03;H_043;2026-01-15T10:01:56.66Z;3;Bjarte Olavsen;5.709276874748838;58.930294640586943;65
P;Politi;P07;H_043;2026-01-15T10:01:56.66Z;2;Bjarte Olavsen;5.652364692884614;58.890364373965497;59
B;Brann;SC_003;H_044;2026-01-15T10:01:56.66Z;6;Arne Arnsen;5.72151599920966;58.950254342611565;20
A;Ambulanse;A_012;H_043;2026-01-15T10:01:58.33Z;3;Ole Kyrres;5.678565509707159;58.91227630920428;63
B;Brann;KV_001;H_043;2026-01-15T10:01:58.33Z;4;Jon Johnsen;5.613849239915811;58.901407366776638;54
P;Politi;P03;H_043;2026-01-15T10:01:58.33Z;3;Bjarte Olavsen;5.708706164425669;58.929041236334996;66
P;Politi;P07;H_043;2026-01-15T10:01:58.33Z;2;Bjarte Olavsen;5.652240400803494;58.890927719031957;60
B;Brann;SC_003;H_044;2026-01-15T10:01:58.33Z;6;Arne Arnsen;5.721565922879165;58.949828979485936;21
A;Ambulanse;A_012;H_043;2026-01-15T10:02:00Z;3;Ole Kyrres;5.678378865627572;58.911968708032354;64
B;Brann;KV_001;H_043;2026-01-15T10:02:00Z;4;Jon Johnsen;5.614248393534856;58.899818364223769;55
P;Politi;P03;H_043;2026-01-15T10:02:00Z;3;Bjarte Olavsen;5.708135454102501;58.927787832083041;67
P;Politi;P07;H_043;2026-01-15T10:02:00Z;2;Bjarte Olavsen;5.652116108722374;58.89149106409841;61
B;Brann;SC_003;H_044;2026-01-15T10:02:00Z;6;Arne Arnsen;5.721615846548671;58.949403616360314;22
A;Ambulanse;A_012;H_043;2026-01-15T10:02:01.66Z;3;Ole Kyrres;5.677610439765802;58.911710377531101;65
B;Brann;KV_001;H_043;2026-01-15T10:02:01.66Z;4;Jon Johnsen;5.616226553784266;58.898951809580431;56
P;Politi;P03;H_043;2026-01-15T10:02:01.66Z;3;Bjarte Olavsen;5.707940559689437;58.927079424065624;68
P;Politi;P07;H_043;2026-01-15T10:02:01.66Z;2;Bjarte Olavsen;5.652064584726384;58.891894019737045;62
B;Brann;SC_003;H_044;2026-01-15T10:02:01.66Z;6;Arne Arnsen;5.721677679057272;58.949244210556884;23
A;Ambulanse;A_012;H_043;2026-01-15T10:02:03.33Z;3;Ole Kyrres;5.676842013904032;58.91145204702984;66
B;Brann;KV_001;H_043;2026-01-15T10:02:03.33Z;4;Jon Johnsen;5.618204714033675;58.898085254937101;57
P;Politi;P03;H_043;2026-01-15T10:02:03.33Z;3;Bjarte Olavsen;5.707745665276373;58.926371016048201;69
P;Politi;P07;H_043;2026-01-15T10:02:03.33Z;2;Bjarte Olavsen;5.652013060730393;58.892296975375679;63
B;Brann;SC_003;H_044;2026-01-15T10:02:03.33Z;6;Arne Arnsen;5.721739511565874;58.949084804753447;24
A;Ambulanse;A_012;H_043;2026-01-15T10:02:05Z;3;Ole Kyrres;5.676073588042263;58.911193716528587;67
B;Brann;KV_001;H_043;2026-01-15T10:02:05Z;4;Jon Johnsen;5.620182874283085;58.897218700293763;58
P;Politi;P03;H_043;2026-01-15T10:02:05Z;3;Bjarte Olavsen;5.707550770863309;58.925662608030784;70
P;Politi;P07;H_043;2026-01-15T10:02:05Z;2;Bjarte Olavsen;5.651961536734404;58.892699931014313;64
B;Brann;SC_003;H_044;2026-01-15T10:02:05Z;6;Arne Arnsen;5.721801344074476;58.948925398950017;25
A;Ambulanse;A_012;H_043;2026-01-15T10:02:06.66Z;3;Ole Kyrres;5.67483777782428;58.910872442999306;68
B;Brann;KV_001;H_043;2026-01-15T10:02:06.66Z;4;Jon Johnsen;5.622728692795468;58.896614254466094;59
P;Politi;P03;H_043;2026-01-15T10:02:06.66Z;3;Bjarte Olavsen;5.707361305645854;58.924766310878539;71
P;Politi;P07;H_043;2026-01-15T10:02:06.66Z;2;Bjarte Olavsen;5.652343923381584;58.893059220720019;65
B;Brann;SC_003;H_044;2026-01-15T10:02:06.66Z;6;Arne Arnsen;5.722022888180174;58.948589566166184;26
A;Ambulanse;A_012;H_043;2026-01-15T10:02:08.33Z;3;Ole Kyrres;5.673601967606297;58.910551169470018;69
B;Brann;KV_001;H_043;2026-01-15T10:02:08.33Z;4;Jon Johnsen;5.625274511307851;58.896009808638432;60
P;Politi;P03;H_043;2026-01-15T10:02:08.33Z;3;Bjarte Olavsen;5.707171840428399;58.923870013726287;72
P;Politi;P07;H_043;2026-01-15T10:02:08.33Z;2;Bjarte Olavsen;5.652726310028763;58.893418510425732;66
B;Brann;SC_003;H_044;2026-01-15T10:02:08.33Z;6;Arne Arnsen;5.722244432285872;58.948253733382344;27
A;Ambulanse;A_012;H_043;2026-01-15T10:02:10Z;3;Ole Kyrres;5.672366157388314;58.910229895940738;70
B;Brann;KV_001;H_043;2026-01-15T10:02:10Z;4;Jon Johnsen;5.627820329820235;58.895405362810763;61
P;Politi;P03;H_043;2026-01-15T10:02:10Z;3;Bjarte Olavsen;5.706982375210944;58.922973716574042;73
P;Politi;P07;H_043;2026-01-15T10:02:10Z;2;Bjarte Olavsen;5.653108696675943;58.893777800131438;67
B;Brann;SC_003;H_044;2026-01-15T10:02:10Z;6;Arne Arnsen;5.72246597639157;58.947917900598512;28
A;Ambulanse;A_012;H_043;2026-01-15T10:02:11.66Z;3;Ole Kyrres;5.670613079405778;58.909755239538249;71
B;Brann;KV_001;H_043;2026-01-15T10:02:11.66Z;4;Jon Johnsen;5.630512173040229;58.895436656730006;62
P;Politi;P03;H_043;2026-01-15T10:02:11.66Z;3;Bjarte Olavsen;5.705786008554627;58.922098565394023;74
P;Politi;P07;H_043;2026-01-15T10:02:11.66Z;2;Bjarte Olavsen;5.653415543026141;58.894093917559914;68
B;Brann;SC_003;H_044;2026-01-15T10:02:11.66Z;6;Arne Arnsen;5.723278691086415;58.946776509442877;29
A;Ambulanse;A_012;H_043;2026-01-15T10:02:13.33Z;3;Ole Kyrres;5.668860001423243;58.909280583135761;72
B;Brann;KV_001;H_043;2026-01-15T10:02:13.33Z;4;Jon Johnsen;5.633204016260223;58.895467950649255;63
P;Politi;P03;H_043;2026-01-15T10:02:13.33Z;3;Bjarte Olavsen;5.70458964189831;58.921223414214012;75
P;Politi;P07;H_043;2026-01-15T10:02:13.33Z;2;Bjarte Olavsen;5.653722389376339;58.894410034988397;69
B;Brann;SC_003;H_044;2026-01-15T10:02:13.33Z;6;Arne Arnsen;5.724091405781262;58.94563511828725;30
A;Ambulanse;A_012;H_043;2026-01-15T10:02:15Z;3;Ole Kyrres;5.667106923440707;58.908805926733272;73
A;Ambulanse;A_037;H_045;2026-01-15T10:02:15Z;4;Ingrid Waale;5.703059452873708;58.929042458743211;1
B;Brann;KV_001;H_043;2026-01-15T10:02:15Z;4;Jon Johnsen;5.635895859480217;58.895499244568498;64
P;Politi;P03;H_043;2026-01-15T10:02:15Z;3;Bjarte Olavsen;5.703393275241993;58.920348263033993;76
P;Politi;P07;H_043;2026-01-15T10:02:15Z;2;Bjarte Olavsen;5.654029235726537;58.894726152416872;70
B;Brann;SC_003;H_044;2026-01-15T10:02:15Z;6;Arne Arnsen;5.724904120476107;58.944493727131615;31
A;Ambulanse;A_012;H_043;2026-01-15T10:02:16.66Z;3;Ole Kyrres;5.666252439180976;58.908521972710666;74
A;Ambulanse;A_037;H_045;2026-01-15T10:02:16.66Z;4;Ingrid Waale;5.702055121382844;58.928502695209581;2
B;Brann;KV_001;H_043;2026-01-15T10:02:16.66Z;4;Jon Johnsen;5.639181453877418;58.895379113663367;65
P;Politi;P03;H_043;2026-01-15T10:02:16.66Z;3;Bjarte Olavsen;5.702248382542139;58.919535642212423;77
P;Politi;P07;H_043;2026-01-15T10:02:16.66Z;2;Bjarte Olavsen;5.654376897663632;58.895052775109491;71
B;Brann;SC_003;H_044;2026-01-15T10:02:16.66Z;6;Arne Arnsen;5.724621978954634;58.94426125107632;32
A;Ambulanse;A_012;H_043;2026-01-15T10:02:18.33Z;3;Ole Kyrres;5.665397954921246;58.908238018688053;75
A;Ambulanse;A_037;H_045;2026-01-15T10:02:18.33Z;4;Ingrid Waale;5.70105078989198;58.927962931675943;3
B;Brann;KV_001;H_043;2026-01-15T10:02:18.33Z;4;Jon Johnsen;5.642467048274618;58.895258982758229;66
P;Politi;P03;H_043;2026-01-15T10:02:18.33Z;3;Bjarte Olavsen;5.701103489842286;58.918723021390861;78
P;Politi;P07;H_043;2026-01-15T10:02:18.33Z;2;Bjarte Olavsen;5.654724559600727;58.895379397802117;72
B;Brann;SC_003;H_044;2026-01-15T10:02:18.33Z;6;Arne Arnsen;5.72433983743316;58.944028775021017;33
A;Ambulanse;A_012;H_043;2026-01-15T10:02:20Z;3;Ole Kyrres;5.664543470661514;58.907954064665446;76
A;Ambulanse;A_037;H_045;2026-01-15T10:02:20Z;4;Ingrid Waale;5.700046458401116;58.927423168142312;4
B;Brann;KV_001;H_043;2026-01-15T10:02:20Z;4;Jon Johnsen;5.645752642671819;58.895138851853098;67
P;Politi;P03;H_043;2026-01-15T10:02:20Z;3;Bjarte Olavsen;5.699958597142432;58.917910400569291;79
P;Politi;P07;H_043;2026-01-15T10:02:20Z;2;Bjarte Olavsen;5.655072221537822;58.895706020494735;73
B;Brann;SC_003;H_044;2026-01-15T10:02:20Z;6;Arne Arnsen;5.724057695911687;58.943796298965722;34
A;Ambulanse;A_012;H_043;2026-01-15T10:02:21.66Z;3;Ole Kyrres;5.664159319271329;58.907482621062869;77
A;Ambulanse;A_037;H_045;2026-01-15T10:02:21.66Z;4;Ingrid Waale;5.699723080554941;58.926789677477359;5
B;Brann;KV_001;H_043;2026-01-15T10:02:21.66Z;4;Jon Johnsen;5.645143997973408;58.895605057158114;68
P;Politi;P03;H_043;2026-01-15T10:02:21.66Z;3;Bjarte Olavsen;5.699031529415776;58.917301830999719;80
P;Politi;P07;H_043;2026-01-15T10:02:21.66Z;2;Bjarte Olavsen;5.655270971020153;58.895991654980541;74
B;Brann;SC_003;H_044;2026-01-15T10:02:21.66Z;6;Arne Arnsen;5.724440081708504;58.943968544243759;35
A;Ambulanse;A_012;H_043;2026-01-15T10:02:23.33Z;3;Ole Kyrres;5.663775167881144;58.907011177460298;78
A;Ambulanse;A_037;H_045;2026-01-15T10:02:23.33Z;4;Ingrid Waale;5.699399702708766;58.926156186812413;6
B;Brann;KV_001;H_043;2026-01-15T10:02:23.33Z;4;Jon Johnsen;5.644535353274996;58.896071262463124;69
P;Politi;P03;H_043;2026-01-15T10:02:23.33Z;3;Bjarte Olavsen;5.698104461689119;58.916693261430147;81
P;Politi;P07;H_043;2026-01-15T10:02:23.33Z;2;Bjarte Olavsen;5.655469720502484;58.896277289466347;75
B;Brann;SC_003;H_044;2026-01-15T10:02:23.33Z;6;Arne Arnsen;5.724822467505321;58.944140789521796;36
A;Ambulanse;A_012;H_043;2026-01-15T10:02:25Z;3;Ole Kyrres;5.663391016490959;58.90653973385772;79
A;Ambulanse;A_037;H_045;2026-01-15T10:02:25Z;4;Ingrid Waale;5.699076324862591;58.925522696147461;7
B;Brann;KV_001;H_043;2026-01-15T10:02:25Z;4;Jon Johnsen;5.643926708576585;58.896537467768141;70
P;Politi;P03;H_043;2026-01-15T10:02:25Z;3;Bjarte Olavsen;5.697177393962463;58.916084691860576;82
P;Politi;P07;H_043;2026-01-15T10:02:25Z;2;Bjarte Olavsen;5.655668469984814;58.896562923952153;76
B;Brann;SC_003;H_044;2026-01-15T10:02:25Z;6;Arne Arnsen;5.725204853302139;58.944313034799833;37
B;Brann;VB_001;H_045;2026-01-15T10:02:25Z;4;Bjorn Bjornsen;5.759759053580519;58.965846155937811;1
A;Ambulanse;A_012;H_043;2026-01-15T10:02:26.66Z;3;Ole Kyrres;5.663514982047982;58.905878748060005;80
A;Ambulanse;A_037;H_045;2026-01-15T10:02:26.66Z;4;Ingrid Waale;5.700811938197992;58.924654420065337;8
B;Brann;KV_001;H_043;2026-01-15T10:02:26.66Z;4;Jon Johnsen;5.645021371267026;58.896423831597332;71
P;Politi;P03;H_043;2026-01-15T10:02:26.66Z;3;Bjarte Olavsen;5.696622262721653;58.915279506224053;83
P;Politi;P07;H_043;2026-01-15T10:02:26.66Z;2;Bjarte Olavsen;5.655661709342379;58.896703122571118;77
B;Brann;SC_003;H_044;2026-01-15T10:02:26.66Z;6;Arne Arnsen;5.725958083252614;58.944459063710291;38
B;Brann;VB_001;H_045;2026-01-15T10:02:26.66Z;4;Bjorn Bjornsen;5.760110006703957;58.965806274947589;2
A;Ambulanse;A_012;H_043;2026-01-15T10:02:28.33Z;3;Ole Kyrres;5.663638947605006;58.905217762262282;81
A;Ambulanse;A_037;H_045;2026-01-15T10:02:28.33Z;4;Ingrid Waale;5.702547551533394;58.923786143983214;9
B;Brann;KV_001;H_043;2026-01-15T10:02:28.33Z;4;Jon Johnsen;5.646116033957467;58.896310195426516;72
P;Politi;P03;H_043;2026-01-15T10:02:28.33Z;3;Bjarte Olavsen;5.696067131480843;58.91447432058753;84
P;Politi;P07;H_043;2026-01-15T10:02:28.33Z;2;Bjarte Olavsen;5.655654948699943;58.896843321190083;78
B;Brann;SC_003;H_044;2026-01-15T10:02:28.33Z;6;Arne Arnsen;5.72671131320309;58.944605092620748;39
B;Brann;VB_001;H_045;2026-01-15T10:02:28.33Z;4;Bjorn Bjornsen;5.760460959827393;58.965766393957374;3
A;Ambulanse;A_012;H_043;2026-01-15T10:02:30Z;3;Ole Kyrres;5.663762913162029;58.904556776464567;82
A;Ambulanse;A_037;H_045;2026-01-15T10:02:30Z;4;Ingrid Waale;5.704283164868795;58.922917867901091;10
B;Brann;KV_001;H_043;2026-01-15T10:02:30Z;4;Jon Johnsen;5.647210696647908;58.896196559255706;73
P;Politi;P03;H_043;2026-01-15T10:02:30Z;3;Bjarte Olavsen;5.695512000240034;58.913669134951007;85
P;Politi;P07;H_043;2026-01-15T10:02:30Z;2;Bjarte Olavsen;5.655648188057508;58.896983519809048;79
B;Brann;SC_003;H_044;2026-01-15T10:02:30Z;6;Arne Arnsen;5.727464543153565;58.944751121531205;40
B;Brann;VB_001;H_045;2026-01-15T10:02:30Z;4;Bjorn Bjornsen;5.76081191295083;58.965726512967152;4
A;Ambulanse;A_012;H_043;2026-01-15T10:02:31.66Z;3;Ole Kyrres;5.663440805639601;58.90392596004601;83
A;Ambulanse;A_037;H_045;2026-01-15T10:02:31.66Z;4;Ingrid Waale;5.705858804233771;58.922447098787366;11
B;Brann;KV_001;H_043;2026-01-15T10:02:31.66Z;4;Jon Johnsen;5.648500874981334;58.896180134054035;74
P;Politi;P03;H_043;2026-01-15T10:02:31.66Z;3;Bjarte Olavsen;5.695533857647429;58.912917587474183;86
B;Brann;SC_003;H_044;2026-01-15T10:02:31.66Z;6;Arne Arnsen;5.728121198642518;58.944909437168043;41
B;Brann;VB_001;H_045;2026-01-15T10:02:31.66Z;4;Bjorn Bjornsen;5.761043063053098;58.965705643815575;5
A;Ambulanse;A_012;H_043;2026-01-15T10:02:33.33Z;3;Ole Kyrres;5.663118698117173;58.903295143627453;84
A;Ambulanse;A_037;H_045;2026-01-15T10:02:33.33Z;4;Ingrid Waale;5.707434443598748;58.921976329673647;12
B;Brann;KV_001;H_043;2026-01-15T10:02:33.33Z;4;Jon Johnsen;5.64979105331476;58.896163708852363;75
P;Politi;P03;H_043;2026-01-15T10:02:33.33Z;3;Bjarte Olavsen;5.695555715054825;58.912166039997352;87
B;Brann;SC_003;H_044;2026-01-15T10:02:33.33Z;6;Arne Arnsen;5.728777854131472;58.945067752804889;42
B;Brann;VB_001;H_045;2026-01-15T10:02:33.33Z;4;Bjorn Bjornsen;5.761274213155366;58.965684774663991;6
A;Ambulanse;A_012;H_043;2026-01-15T10:02:35Z;3;Ole Kyrres;5.662796590594745;58.902664327208896;85
A;Ambulanse;A_037;H_045;2026-01-15T10:02:35Z;4;Ingrid Waale;5.709010082963724;58.921505560559922;13
B;Brann;KV_001;H_043;2026-01-15T10:02:35Z;4;Jon Johnsen;5.651081231648186;58.896147283650691;76
P;Politi;P03;H_043;2026-01-15T10:02:35Z;3;Bjarte Olavsen;5.69557757246222;58.911414492520528;88
B;Brann;SC_002;H_045;2026-01-15T10:02:35Z;5;Bjorn Bjornsen;5.718922689964059;58.953733843208887;1
B;Brann;SC_003;H_044;2026-01-15T10:02:35Z;6;Arne Arnsen;5.729434509620425;58.945226068441727;43
B;Brann;VB_001;H_045;2026-01-15T10:02:35Z;4;Bjorn Bjornsen;5.761505363257634;58.965663905512415;7
A;Ambulanse;A_012;H_043;2026-01-15T10:02:36.66Z;3;Ole Kyrres;5.662451494919709;58.902152338426227;86
A;Ambulanse;A_037;H_045;2026-01-15T10:02:36.66Z;4;Ingrid Waale;5.708279135434926;58.921710006068629;14
B;Brann;KV_001;H_043;2026-01-15T10:02:36.66Z;4;Jon Johnsen;5.652100996887924;58.896255230415122;77
P;Politi;P03;H_043;2026-01-15T10:02:36.66Z;3;Bjarte Olavsen;5.695822503636533;58.910679136274183;89
B;Brann;SC_002;H_045;2026-01-15T10:02:36.66Z;5;Bjorn Bjornsen;5.719458530800549;58.953908161239127;2
B;Brann;SC_003;H_044;2026-01-15T10:02:36.66Z;6;Arne Arnsen;5.729618392169237;58.944718810483778;44
B;Brann;VB_001;H_045;2026-01-15T10:02:36.66Z;4;Bjorn Bjornsen;5.761776098372017;58.965637987513425;8
A;Ambulanse;A_012;H_043;2026-01-15T10:02:38.33Z;3;Ole Kyrres;5.662106399244673;58.90164034964355;87
A;Ambulanse;A_037;H_045;2026-01-15T10:02:38.33Z;4;Ingrid Waale;5.70754818790613;58.921914451577344;15
B;Brann;KV_001;H_043;2026-01-15T10:02:38.33Z;4;Jon Johnsen;5.653120762127661;58.896363177179559;78
P;Politi;P03;H_043;2026-01-15T10:02:38.33Z;3;Bjarte Olavsen;5.696067434810846;58.909943780027831;90
B;Brann;SC_002;H_045;2026-01-15T10:02:38.33Z;5;Bjorn Bjornsen;5.719994371637038;58.954082479269367;3
B;Brann;SC_003;H_044;2026-01-15T10:02:38.33Z;6;Arne Arnsen;5.729802274718049;58.944211552525836;45
B;Brann;VB_001;H_045;2026-01-15T10:02:38.33Z;4;Bjorn Bjornsen;5.762046833486399;58.965612069514428;9
A;Ambulanse;A_012;H_043;2026-01-15T10:02:40Z;3;Ole Kyrres;5.661761303569636;58.901128360860881;88
A;Ambulanse;A_037;H_045;2026-01-15T10:02:40Z;4;Ingrid Waale;5.706817240377332;58.922118897086051;16
B;Brann;KV_001;H_043;2026-01-15T10:02:40Z;4;Jon Johnsen;5.654140527367399;58.896471123943989;79
P;Politi;P03;H_043;2026-01-15T10:02:40Z;3;Bjarte Olavsen;5.696312365985159;58.909208423781486;91
B;Brann;SC_002;H_045;2026-01-15T10:02:40Z;5;Bjorn Bjornsen;5.720530212473528;58.954256797299607;4
B;Brann;SC_003;H_044;2026-01-15T10:02:40Z;6;Arne Arnsen;5.729986157266861;58.943704294567887;46
B;Brann;VB_001;H_045;2026-01-15T10:02:40Z;4;Bjorn Bjornsen;5.762317568600781;58.965586151515438;10
A;Ambulanse;A_012;H_043;2026-01-15T10:02:41.66Z;3;Ole Kyrres;5.661249252593326;58.90061384224375;89
A;Ambulanse;A_037;H_045;2026-01-15T10:02:41.66Z;4;Ingrid Waale;5.707069539598648;58.92276233278681;17
B;Brann;KV_001;H_043;2026-01-15T10:02:41.66Z;4;Jon Johnsen;5.654425241788331;58.896602452749462;80
P;Politi;P03;H_043;2026-01-15T10:02:41.66Z;3;Bjarte Olavsen;5.695182465107301;58.908090843839616;92
B;Brann;SC_002;H_045;2026-01-15T10:02:41.66Z;5;Bjorn Bjornsen;5.721016596206381;58.954344689491045;5
B;Brann;SC_003;H_044;2026-01-15T10:02:41.66Z;6;Arne Arnsen;5.729847395415931;58.943424354564812;47
B;Brann;VB_001;H_045;2026-01-15T10:02:41.66Z;4;Bjorn Bjornsen;5.762588640359416;58.965530644085966;11
A;Ambulanse;A_012;H_043;2026-01-15T10:02:43.33Z;3;Ole Kyrres;5.660737201617016;58.90009932362662;90
A;Ambulanse;A_037;H_045;2026-01-15T10:02:43.33Z;4;Ingrid Waale;5.707321838819964;58.923405768487562;18
B;Brann;KV_001;H_043;2026-01-15T10:02:43.33Z;4;Jon Johnsen;5.654709956209263;58.896733781554929;81
P;Politi;P03;H_043;2026-01-15T10:02:43.33Z;3;Bjarte Olavsen;5.694052564229442;58.906973263897747;93
B;Brann;SC_002;H_045;2026-01-15T10:02:43.33Z;5;Bjorn Bjornsen;5.721502979939235;58.954432581682475;6
B;Brann;SC_003;H_044;2026-01-15T10:02:43.33Z;6;Arne Arnsen;5.729708633565002;58.943144414561729;48
B;Brann;VB_001;H_045;2026-01-15T10:02:43.33Z;4;Bjorn Bjornsen;5.76285971211805;58.965475136656501;12
A;Ambulanse;A_012;H_043;2026-01-15T10:02:45Z;3;Ole Kyrres;5.660225150640705;58.899584805009489;91
A;Ambulanse;A_037;H_045;2026-01-15T10:02:45Z;4;Ingrid Waale;5.70757413804128;58.924049204188321;19
B;Brann;KV_001;H_043;2026-01-15T10:02:45Z;4;Jon Johnsen;5.654994670630196;58.896865110360402;82
P;Politi;P03;H_043;2026-01-15T10:02:45Z;3;Bjarte Olavsen;5.692922663351584;58.905855683955878;94
B;Brann;SC_002;H_045;2026-01-15T10:02:45Z;5;Bjorn Bjornsen;5.721989363672088;58.954520473873913;7
B;Brann;SC_003;H_044;2026-01-15T10:02:45Z;6;Arne Arnsen;5.729569871714072;58.942864474558654;49
B;Brann;VB_001;H_045;2026-01-15T10:02:45Z;4;Bjorn Bjornsen;5.763130783876686;58.965419629227029;13
A;Ambulanse;A_012;H_043;2026-01-15T10:02:46.66Z;3;Ole Kyrres;5.659427942733572;58.899194100613492;92
A;Ambulanse;A_037;H_045;2026-01-15T10:02:46.66Z;4;Ingrid Waale;5.707608765221408;58.924971053977721;20
P;Politi;P03;H_043;2026-01-15T10:02:46.66Z;3;Bjarte Olavsen;5.691732712165535;58.90479254148083;95
B;Brann;SC_002;H_045;2026-01-15T10:02:46.66Z;5;Bjorn Bjornsen;5.72203230695292;58.955276693507585;8
B;Brann;SC_003;H_044;2026-01-15T10:02:46.66Z;6;Arne Arnsen;5.729130931781558;58.942625496824292;50
B;Brann;VB_001;H_045;2026-01-15T10:02:46.66Z;4;Bjorn Bjornsen;5.7633492681323;58.965346516832732;14
A;Ambulanse;A_012;H_043;2026-01-15T10:02:48.33Z;3;Ole Kyrres;5.65863073482644;58.898803396217495;93
A;Ambulanse;A_037;H_045;2026-01-15T10:02:48.33Z;4;Ingrid Waale;5.707643392401537;58.925892903767114;21
P;Politi;P03;H_043;2026-01-15T10:02:48.33Z;3;Bjarte Olavsen;5.690542760979486;58.903729399005783;96
B;Brann;SC_002;H_045;2026-01-15T10:02:48.33Z;5;Bjorn Bjornsen;5.722075250233751;58.95603291314125;9
B;Brann;SC_003;H_044;2026-01-15T10:02:48.33Z;6;Arne Arnsen;5.728691991849043;58.942386519089929;51
B;Brann;VB_001;H_045;2026-01-15T10:02:48.33Z;4;Bjorn Bjornsen;5.763567752387914;58.965273404438435;15
A;Ambulanse;A_012;H_043;2026-01-15T10:02:50Z;3;Ole Kyrres;5.657833526919307;58.898412691821498;94
A;Ambulanse;A_037;H_045;2026-01-15T10:02:50Z;4;Ingrid Waale;5.707678019581666;58.926814753556513;22
P;Politi;P03;H_043;2026-01-15T10:02:50Z;3;Bjarte Olavsen;5.689352809793437;58.902666256530736;97
B;Brann;SC_002;H_045;2026-01-15T10:02:50Z;5;Bjorn Bjornsen;5.722118193514583;58.956789132774922;10
B;Brann;SC_003;H_044;2026-01-15T10:02:50Z;6;Arne Arnsen;5.728253051916529;58.942147541355567;52
B;Brann;VB_001;H_045;2026-01-15T10:02:50Z;4;Bjorn Bjornsen;5.763786236643528;58.965200292044138;16
A;Ambulanse;A_012;H_043;2026-01-15T10:02:51.66Z;3;Ole Kyrres;5.657334160979503;58.898125631765758;95
A;Ambulanse;A_037;H_045;2026-01-15T10:02:51.66Z;4;Ingrid Waale;5.708122077582836;58.927931748952787;23
P;Politi;P03;H_043;2026-01-15T10:02:51.66Z;3;Bjarte Olavsen;5.687743607362076;58.901807958056928;98
B;Brann;SC_002;H_045;2026-01-15T10:02:51.66Z;5;Bjorn Bjornsen;5.72213222740112;58.957113986876081;11
B;Brann;SC_003;H_044;2026-01-15T10:02:51.66Z;6;Arne Arnsen;5.727720676860963;58.942012660986322;53
B;Brann;VB_001;H_045;2026-01-15T10:02:51.66Z;4;Bjorn Bjornsen;5.764018763756455;58.965145956654681;17
A;Ambulanse;A_012;H_043;2026-01-15T10:02:53.33Z;3;Ole Kyrres;5.656834795039699;58.897838571710025;96
A;Ambulanse;A_037;H_045;2026-01-15T10:02:53.33Z;4;Ingrid Waale;5.708566135584006;58.929048744349068;24
P;Politi;P03;H_043;2026-01-15T10:02:53.33Z;3;Bjarte Olavsen;5.686134404930715;58.900949659583127;99
B;Brann;SC_002;H_045;2026-01-15T10:02:53.33Z;5;Bjorn Bjornsen;5.722146261287657;58.957438840977247;12
B;Brann;SC_003;H_044;2026-01-15T10:02:53.33Z;6;Arne Arnsen;5.727188301805395;58.941877780617084;54
B;Brann;VB_001;H_045;2026-01-15T10:02:53.33Z;4;Bjorn Bjornsen;5.764251290869382;58.965091621265223;18
A;Ambulanse;A_012;H_043;2026-01-15T10:02:55Z;3;Ole Kyrres;5.656335429099895;58.897551511654285;97
A;Ambulanse;A_037;H_045;2026-01-15T10:02:55Z;4;Ingrid Waale;5.709010193585176;58.930165739745341;25
P;Politi;P03;H_043;2026-01-15T10:02:55Z;3;Bjarte Olavsen;5.684525202499354;58.900091361109318;100
B;Brann;SC_002;H_045;2026-01-15T10:02:55Z;5;Bjorn Bjornsen;5.722160295174194;58.957763695078405;13
B;Brann;SC_003;H_044;2026-01-15T10:02:55Z;6;Arne Arnsen;5.726655926749828;58.941742900247839;55
B;Brann;VB_001;H_045;2026-01-15T10:02:55Z;4;Bjorn Bjornsen;5.764483817982309;58.965037285875766;19
A;Ambulanse;A_012;H_043;2026-01-15T10:02:56.66Z;3;Ole Kyrres;5.656196766460321;58.897444995561486;98
A;Ambulanse;A_037;H_045;2026-01-15T10:02:56.66Z;4;Ingrid Waale;5.710926351192461;58.931757061476667;26
P;Politi;P03;H_043;2026-01-15T10:02:56.66Z;3;Bjarte Olavsen;5.683040273203222;58.899194956705891;101
B;Brann;SC_002;H_045;2026-01-15T10:02:56.66Z;5;Bjorn Bjornsen;5.722233524581938;58.958085297971131;14
B;Brann;SC_003;H_044;2026-01-15T10:02:56.66Z;6;Arne Arnsen;5.726514695762659;58.941713410702739;56
B;Brann;VB_001;H_045;2026-01-15T10:02:56.66Z;4;Bjorn Bjornsen;5.764768835918082;58.964986725953359;20
A;Ambulanse;A_012;H_043;2026-01-15T10:02:58.33Z;3;Ole Kyrres;5.656058103820748;58.897338479468687;99
A;Ambulanse;A_037;H_045;2026-01-15T10:02:58.33Z;4;Ingrid Waale;5.712842508799747;58.933348383207999;27
P;Politi;P03;H_043;2026-01-15T10:02:58.33Z;3;Bjarte Olavsen;5.68155534390709;58.898298552302464;102
B;Brann;SC_002;H_045;2026-01-15T10:02:58.33Z;5;Bjorn Bjornsen;5.722306753989682;58.958406900863849;15
B;Brann;SC_003;H_044;2026-01-15T10:02:58.33Z;6;Arne Arnsen;5.726373464775491;58.94168392115764;57
B;Brann;VB_001;H_045;2026-01-15T10:02:58.33Z;4;Bjorn Bjornsen;5.765053853853853;58.964936166030959;21
A;Ambulanse;A_012;H_043;2026-01-15T10:03:00Z;3;Ole Kyrres;5.655919441181175;58.897231963375887;100
A;Ambulanse;A_037;H_045;2026-01-15T10:03:00Z;4;Ingrid Waale;5.714758666407032;58.934939704939325;28
P;Politi;P03;H_043;2026-01-15T10:03:00Z;3;Bjarte Olavsen;5.680070414610958;58.897402147899037;103
B;Brann;SC_002;H_045;2026-01-15T10:03:00Z;5;Bjorn Bjornsen;5.722379983397426;58.958728503756575;16
B;Brann;SC_003;H_044;2026-01-15T10:03:00Z;6;Arne Arnsen;5.726232233788322;58.941654431612541;58
B;Brann;VB_001;H_045;2026-01-15T10:03:00Z;4;Bjorn Bjornsen;5.765338871789626;58.964885606108552;22
A;Ambulanse;A_037;H_045;2026-01-15T10:03:01.66Z;4;Ingrid Waale;5.716497372029181;58.935874550105233;29
P;Politi;P03;H_043;2026-01-15T10:03:01.66Z;3;Bjarte Olavsen;5.677702178941307;58.896912123651184;104
B;Brann;SC_002;H_045;2026-01-15T10:03:01.66Z;5;Bjorn Bjornsen;5.722504119478804;58.959023662441041;17
B;Brann;SC_003;H_044;2026-01-15T10:03:01.66Z;6;Arne Arnsen;5.726010861506311;58.941542028943992;59
B;Brann;VB_001;H_045;2026-01-15T10:03:01.66Z;4;Bjorn Bjornsen;5.765514331695845;58.964943635884296;23
A;Ambulanse;A_037;H_045;2026-01-15T10:03:03.33Z;4;Ingrid Waale;5.718236077651331;58.936809395271148;30
P;Politi;P03;H_043;2026-01-15T10:03:03.33Z;3;Bjarte Olavsen;5.675333943271657;58.896422099403324;105
B;Brann;SC_002;H_045;2026-01-15T10:03:03.33Z;5;Bjorn Bjornsen;5.722628255560181;58.9593188211255;18
B;Brann;SC_003;H_044;2026-01-15T10:03:03.33Z;6;Arne Arnsen;5.725789489224302;58.941429626275436;60
B;Brann;VB_001;H_045;2026-01-15T10:03:03.33Z;4;Bjorn Bjornsen;5.765689791602066;58.965001665660033;24
A;Ambulanse;A_037;H_045;2026-01-15T10:03:05Z;4;Ingrid Waale;5.71997478327348;58.937744240437056;31
P;Politi;P03;H_043;2026-01-15T10:03:05Z;3;Bjarte Olavsen;5.672965707602007;58.895932075155471;106
B;Brann;SC_002;H_045;2026-01-15T10:03:05Z;5;Bjorn Bjornsen;5.722752391641559;58.959613979809966;19
B;Brann;SC_003;H_044;2026-01-15T10:03:05Z;6;Arne Arnsen;5.725568116942291;58.941317223606887;61
B;Brann;VB_001;H_045;2026-01-15T10:03:05Z;4;Bjorn Bjornsen;5.765865251508285;58.965059695435777;25
A;Ambulanse;A_037;H_045;2026-01-15T10:03:06.66Z;4;Ingrid Waale;5.721283879567475;58.938427299297665;32
P;Politi;P03;H_043;2026-01-15T10:03:06.66Z;3;Bjarte Olavsen;5.67120238010812;58.896144979327438;107
B;Brann;SC_002;H_045;2026-01-15T10:03:06.66Z;5;Bjorn Bjornsen;5.723044707314106;58.960041793983414;20
B;Brann;SC_003;H_044;2026-01-15T10:03:06.66Z;6;Arne Arnsen;5.725140783723957;58.941276685186985;62
B;Brann;VB_001;H_045;2026-01-15T10:03:06.66Z;4;Bjorn Bjornsen;5.766077350666948;58.965151946073036;26
A;Ambulanse;A_037;H_045;2026-01-15T10:03:08.33Z;4;Ingrid Waale;5.722592975861471;58.939110358158274;33
P;Politi;P03;H_043;2026-01-15T10:03:08.33Z;3;Bjarte Olavsen;5.669439052614234;58.896357883499398;108
B;Brann;SC_002;H_045;2026-01-15T10:03:08.33Z;5;Bjorn Bjornsen;5.723337022986653;58.960469608156863;21
B;Brann;SC_003;H_044;2026-01-15T10:03:08.33Z;6;Arne Arnsen;5.724713450505623;58.941236146767082;63
B;Brann;VB_001;H_045;2026-01-15T10:03:08.33Z;4;Bjorn Bjornsen;5.766289449825612;58.965244196710302;27
A;Ambulanse;A_037;H_045;2026-01-15T10:03:10Z;4;Ingrid Waale;5.723902072155466;58.939793417018883;34
P;Politi;P03;H_043;2026-01-15T10:03:10Z;3;Bjarte Olavsen;5.667675725120348;58.896570787671365;109
B;Brann;SC_002;H_045;2026-01-15T10:03:10Z;5;Bjorn Bjornsen;5.7236293386592;58.960897422330312;22
B;Brann;SC_003;H_044;2026-01-15T10:03:10Z;6;Arne Arnsen;5.724286117287288;58.941195608347179;64
B;Brann;VB_001;H_045;2026-01-15T10:03:10Z;4;Bjorn Bjornsen;5.766501548984275;58.965336447347561;28
A;Ambulanse;A_037;H_045;2026-01-15T10:03:11.66Z;4;Ingrid Waale;5.724311897241793;58.940907851967324;35
P;Politi;P03;H_043;2026-01-15T10:03:11.66Z;3;Bjarte Olavsen;5.66542428104157;58.896571530703099;110
B;Brann;SC_002;H_045;2026-01-15T10:03:11.66Z;5;Bjorn Bjornsen;5.723637671720089;58.961297175146285;23
B;Brann;SC_003;H_044;2026-01-15T10:03:11.66Z;6;Arne Arnsen;5.723869931030742;58.941045013930768;65
B;Brann;VB_001;H_045;2026-01-15T10:03:11.66Z;4;Bjorn Bjornsen;5.766748548966572;58.965285122443667;29
A;Ambulanse;A_037;H_045;2026-01-15T10:03:13.33Z;4;Ingrid Waale;5.72472172232812;58.942022286915766;36
P;Politi;P03;H_043;2026-01-15T10:03:13.33Z;3;Bjarte Olavsen;5.663172836962794;58.89657227373484;111
B;Brann;SC_002;H_045;2026-01-15T10:03:13.33Z;5;Bjorn Bjornsen;5.723646004780977;58.961696927962251;24
B;Brann;SC_003;H_044;2026-01-15T10:03:13.33Z;6;Arne Arnsen;5.723453744774195;58.940894419514365;66
B;Brann;VB_001;H_045;2026-01-15T10:03:13.33Z;4;Bjorn Bjornsen;5.76699554894887;58.965233797539767;30
A;Ambulanse;A_037;H_045;2026-01-15T10:03:15Z;4;Ingrid Waale;5.725131547414446;58.943136721864207;37
P;Politi;P03;H_043;2026-01-15T10:03:15Z;3;Bjarte Olavsen;5.660921392884016;58.896573016766574;112
B;Brann;SC_002;H_045;2026-01-15T10:03:15Z;5;Bjorn Bjornsen;5.723654337841865;58.962096680778224;25
B;Brann;SC_003;H_044;2026-01-15T10:03:15Z;6;Arne Arnsen;5.72303755851765;58.940743825097954;67
B;Brann;VB_001;H_045;2026-01-15T10:03:15Z;4;Bjorn Bjornsen;5.767242548931168;58.965182472635874;31
A;Ambulanse;A_037;H_045;2026-01-15T10:03:16.66Z;4;Ingrid Waale;5.726565868149772;58.94383317072338;38
P;Politi;P03;H_043;2026-01-15T10:03:16.66Z;3;Bjarte Olavsen;5.65880942053289;58.896395518498878;113
B;Brann;SC_002;H_045;2026-01-15T10:03:16.66Z;5;Bjorn Bjornsen;5.723898318312016;58.962272470792712;26
B;Brann;SC_003;H_044;2026-01-15T10:03:16.66Z;6;Arne Arnsen;5.722907479078795;58.940604279679043;68
B;Brann;VB_001;H_045;2026-01-15T10:03:16.66Z;4;Bjorn Bjornsen;5.767477159940445;58.965120384333268;32
A;Ambulanse;A_037;H_045;2026-01-15T10:03:18.33Z;4;Ingrid Waale;5.728000188885099;58.944529619582553;39
P;Politi;P03;H_043;2026-01-15T10:03:18.33Z;3;Bjarte Olavsen;5.656697448181763;58.896218020231174;114
B;Brann;SC_002;H_045;2026-01-15T10:03:18.33Z;5;Bjorn Bjornsen;5.724142298782166;58.962448260807207;27
B;Brann;SC_003;H_044;2026-01-15T10:03:18.33Z;6;Arne Arnsen;5.722777399639939;58.940464734260125;69
B;Brann;VB_001;H_045;2026-01-15T10:03:18.33Z;4;Bjorn Bjornsen;5.767711770949724;58.965058296030669;33
A;Ambulanse;A_037;H_045;2026-01-15T10:03:20Z;4;Ingrid Waale;5.729434509620425;58.945226068441727;40
P;Politi;P03;H_043;2026-01-15T10:03:20Z;3;Bjarte Olavsen;5.654585475830637;58.896040521963478;115
B;Brann;SC_002;H_045;2026-01-15T10:03:20Z;5;Bjorn Bjornsen;5.724386279252316;58.962624050821695;28
B;Brann;SC_003;H_044;2026-01-15T10:03:20Z;6;Arne Arnsen;5.722647320201084;58.940325188841214;70
B;Brann;VB_001;H_045;2026-01-15T10:03:20Z;4;Bjorn Bjornsen;5.767946381959002;58.964996207728063;34
A;Ambulanse;A_037;H_045;2026-01-15T10:03:21.66Z;4;Ingrid Waale;5.731095702098094;58.945580694863558;41
P;Politi;P03;H_043;2026-01-15T10:03:21.66Z;3;Bjarte Olavsen;5.653701815610202;58.896009736981732;116
B;Brann;SC_002;H_045;2026-01-15T10:03:21.66Z;5;Bjorn Bjornsen;5.725082184296834;58.962907810238683;29
B;Brann;SC_003;H_044;2026-01-15T10:03:21.66Z;6;Arne Arnsen;5.722219445604947;58.94018338262125;71
A;Ambulanse;A_037;H_045;2026-01-15T10:03:23.33Z;4;Ingrid Waale;5.732756894575764;58.945935321285383;42
P;Politi;P03;H_043;2026-01-15T10:03:23.33Z;3;Bjarte Olavsen;5.652818155389768;58.895978951999993;117
B;Brann;SC_002;H_045;2026-01-15T10:03:23.33Z;5;Bjorn Bjornsen;5.725778089341352;58.963191569655677;30
B;Brann;SC_003;H_044;2026-01-15T10:03:23.33Z;6;Arne Arnsen;5.72179157100881;58.940041576401285;72
A;Ambulanse;A_037;H_045;2026-01-15T10:03:25Z;4;Ingrid Waale;5.734418087053433;58.946289947707214;43
P;Politi;P03;H_043;2026-01-15T10:03:25Z;3;Bjarte Olavsen;5.651934495169333;58.895948167018247;118
B;Brann;SC_002;H_045;2026-01-15T10:03:25Z;5;Bjorn Bjornsen;5.72647399438587;58.963475329072665;31
B;Brann;SC_003;H_044;2026-01-15T10:03:25Z;6;Arne Arnsen;5.721363696412673;58.93989977018132;73
A;Ambulanse;A_037;H_045;2026-01-15T10:03:26.66Z;4;Ingrid Waale;5.736842260971702;58.946667206069506;44
P;Politi;P03;H_043;2026-01-15T10:03:26.66Z;3;Bjarte Olavsen;5.650148802755605;58.895916589972884;119
B;Brann;SC_002;H_045;2026-01-15T10:03:26.66Z;5;Bjorn Bjornsen;5.72704522365678;58.963735006221661;32
A;Ambulanse;A_037;H_045;2026-01-15T10:03:28.33Z;4;Ingrid Waale;5.739266434889972;58.947044464431791;45
P;Politi;P03;H_043;2026-01-15T10:03:28.33Z;3;Bjarte Olavsen;5.648363110341878;58.895885012927522;120
B;Brann;SC_002;H_045;2026-01-15T10:03:28.33Z;5;Bjorn Bjornsen;5.72761645292769;58.96399468337065;33
A;Ambulanse;A_037;H_045;2026-01-15T10:03:30Z;4;Ingrid Waale;5.741690608808241;58.947421722794083;46
P;Politi;P03;H_043;2026-01-15T10:03:30Z;3;Bjarte Olavsen;5.64657741792815;58.895853435882159;121
B;Brann;SC_002;H_045;2026-01-15T10:03:30Z;5;Bjorn Bjornsen;5.7281876821986;58.964254360519647;34
A;Ambulanse;A_037;H_045;2026-01-15T10:03:31.66Z;4;Ingrid Waale;5.742017598717116;58.947923355539317;47
P;Politi;P03;H_043;2026-01-15T10:03:31.66Z;3;Bjarte Olavsen;5.645684639891986;58.895979535957302;122
B;Brann;SC_002;H_045;2026-01-15T10:03:31.66Z;5;Bjorn Bjornsen;5.728716332272901;58.964563670356668;35
A;Ambulanse;A_037;H_045;2026-01-15T10:03:33.33Z;4;Ingrid Waale;5.742344588625989;58.948424988284557;48
P;Politi;P03;H_043;2026-01-15T10:03:33.33Z;3;Bjarte Olavsen;5.644791861855822;58.896105636032445;123
B;Brann;SC_002;H_045;2026-01-15T10:03:33.33Z;5;Bjorn Bjornsen;5.729244982347203;58.96487298019369;36
A;Ambulanse;A_037;H_045;2026-01-15T10:03:35Z;4;Ingrid Waale;5.742671578534863;58.948926621029791;49
P;Politi;P03;H_043;2026-01-15T10:03:35Z;3;Bjarte Olavsen;5.643899083819658;58.896231736107588;124
B;Brann;SC_002;H_045;2026-01-15T10:03:35Z;5;Bjorn Bjornsen;5.729773632421504;58.965182290030711;37
A;Ambulanse;A_037;H_045;2026-01-15T10:03:36.66Z;4;Ingrid Waale;5.742553656678009;58.950021275489192;50
P;Politi;P03;H_043;2026-01-15T10:03:36.66Z;3;Bjarte Olavsen;5.644252308788359;58.896510496145581;125
B;Brann;SC_002;H_045;2026-01-15T10:03:36.66Z;5;Bjorn Bjornsen;5.730581444619434;58.965376193722562;38
A;Ambulanse;A_037;H_045;2026-01-15T10:03:38.33Z;4;Ingrid Waale;5.742435734821155;58.951115929948593;51
P;Politi;P03;H_043;2026-01-15T10:03:38.33Z;3;Bjarte Olavsen;5.644605533757059;58.896789256183567;126
B;Brann;SC_002;H_045;2026-01-15T10:03:38.33Z;5;Bjorn Bjornsen;5.731389256817364;58.965570097414407;39
A;Ambulanse;A_037;H_045;2026-01-15T10:03:40Z;4;Ingrid Waale;5.7423178129643;58.952210584407993;52
P;Politi;P03;H_043;2026-01-15T10:03:40Z;3;Bjarte Olavsen;5.64495875872576;58.89706801622156;127
B;Brann;SC_002;H_045;2026-01-15T10:03:40Z;5;Bjorn Bjornsen;5.732197069015293;58.965764001106258;40
A;Ambulanse;A_037;H_045;2026-01-15T10:03:41.66Z;4;Ingrid Waale;5.742303015534472;58.953055275850424;53
P;Politi;P03;H_043;2026-01-15T10:03:41.66Z;3;Bjarte Olavsen;5.645594001397575;58.896815136615949;128
B;Brann;SC_002;H_045;2026-01-15T10:03:41.66Z;5;Bjorn Bjornsen;5.733301572136817;58.966047085918113;41
A;Ambulanse;A_037;H_045;2026-01-15T10:03:43.33Z;4;Ingrid Waale;5.742288218104645;58.953899967292848;54
P;Politi;P03;H_043;2026-01-15T10:03:43.33Z;3;Bjarte Olavsen;5.64622924406939;58.896562257010345;129
B;Brann;SC_002;H_045;2026-01-15T10:03:43.33Z;5;Bjorn Bjornsen;5.73440607525834;58.966330170729961;42
A;Ambulanse;A_037;H_045;2026-01-15T10:03:45Z;4;Ingrid Waale;5.742273420674817;58.954744658735279;55
P;Politi;P03;H_043;2026-01-15T10:03:45Z;3;Bjarte Olavsen;5.646864486741205;58.896309377404734;130
B;Brann;SC_002;H_045;2026-01-15T10:03:45Z;5;Bjorn Bjornsen;5.735510578379864;58.966613255541816;43
A;Ambulanse;A_037;H_045;2026-01-15T10:03:46.66Z;4;Ingrid Waale;5.743516264161271;58.955018171265394;56
P;Politi;P03;H_043;2026-01-15T10:03:46.66Z;3;Bjarte Olavsen;5.647349165764575;58.896215178317767;131
B;Brann;SC_002;H_045;2026-01-15T10:03:46.66Z;5;Bjorn Bjornsen;5.738055403414121;58.967952405450966;44
A;Ambulanse;A_037;H_045;2026-01-15T10:03:48.33Z;4;Ingrid Waale;5.744759107647725;58.955291683795515;57
P;Politi;P03;H_043;2026-01-15T10:03:48.33Z;3;Bjarte Olavsen;5.647833844787946;58.896120979230808;132
B;Brann;SC_002;H_045;2026-01-15T10:03:48.33Z;5;Bjorn Bjornsen;5.740600228448379;58.969291555360122;45
A;Ambulanse;A_037;H_045;2026-01-15T10:03:50Z;4;Ingrid Waale;5.746001951134179;58.95556519632563;58
P;Politi;P03;H_043;2026-01-15T10:03:50Z;3;Bjarte Olavsen;5.648318523811316;58.896026780143842;133
B;Brann;SC_002;H_045;2026-01-15T10:03:50Z;5;Bjorn Bjornsen;5.743145053482636;58.970630705269272;46
A;Ambulanse;A_037;H_045;2026-01-15T10:03:51.66Z;4;Ingrid Waale;5.747275705215871;58.955987985126995;59
P;Politi;P03;H_043;2026-01-15T10:03:51.66Z;3;Bjarte Olavsen;5.648926321698172;58.896049534714841;134
B;Brann;SC_002;H_045;2026-01-15T10:03:51.66Z;5;Bjorn Bjornsen;5.743364433378007;58.970780771809501;47
A;Ambulanse;A_037;H_045;2026-01-15T10:03:53.33Z;4;Ingrid Waale;5.748549459297561;58.956410773928354;60
P;Politi;P03;H_043;2026-01-15T10:03:53.33Z;3;Bjarte Olavsen;5.649534119585028;58.89607228928584;135
B;Brann;SC_002;H_045;2026-01-15T10:03:53.33Z;5;Bjorn Bjornsen;5.743583813273377;58.970930838349737;48
A;Ambulanse;A_037;H_045;2026-01-15T10:03:55Z;4;Ingrid Waale;5.749823213379253;58.95683356272972;61
P;Politi;P03;H_043;2026-01-15T10:03:55Z;3;Bjarte Olavsen;5.650141917471885;58.896095043856839;136
B;Brann;SC_002;H_045;2026-01-15T10:03:55Z;5;Bjorn Bjornsen;5.743803193168747;58.971080904889966;49
A;Ambulanse;A_037;H_045;2026-01-15T10:03:56.66Z;4;Ingrid Waale;5.750372876916333;58.957829247504137;62
P;Politi;P03;H_043;2026-01-15T10:03:56.66Z;3;Bjarte Olavsen;5.651173935133714;58.896157987157331;137
B;Brann;SC_002;H_045;2026-01-15T10:03:56.66Z;5;Bjorn Bjornsen;5.744374597177089;58.971003657039567;50
A;Ambulanse;A_037;H_045;2026-01-15T10:03:58.33Z;4;Ingrid Waale;5.750922540453413;58.958824932278546;63
P;Politi;P03;H_043;2026-01-15T10:03:58.33Z;3;Bjarte Olavsen;5.652205952795542;58.896220930457815;138
B;Brann;SC_002;H_045;2026-01-15T10:03:58.33Z;5;Bjorn Bjornsen;5.74494600118543;58.970926409189161;51
A;Ambulanse;A_037;H_045;2026-01-15T10:04:00Z;4;Ingrid Waale;5.751472203990493;58.959820617052962;64
P;Politi;P03;H_043;2026-01-15T10:04:00Z;3;Bjarte Olavsen;5.653237970457371;58.896283873758307;139
B;Brann;SC_002;H_045;2026-01-15T10:04:00Z;5;Bjorn Bjornsen;5.745517405193771;58.970849161338762;52
A;Ambulanse;A_037;H_045;2026-01-15T10:04:01.66Z;4;Ingrid Waale;5.751598906338501;58.960932900258314;65
P;Politi;P03;H_043;2026-01-15T10:04:01.66Z;3;Bjarte Olavsen;5.653768543663447;58.896415117852015;140
B;Brann;SC_002;H_045;2026-01-15T10:04:01.66Z;5;Bjorn Bjornsen;5.745754538989257;58.970749781675337;53
A;Ambulanse;A_037;H_045;2026-01-15T10:04:03.33Z;4;Ingrid Waale;5.75172560868651;58.962045183463658;66
P;Politi;P03;H_043;2026-01-15T10:04:03.33Z;3;Bjarte Olavsen;5.654299116869522;58.896546361945724;141
B;Brann;SC_002;H_045;2026-01-15T10:04:03.33Z;5;Bjorn Bjornsen;5.745991672784744;58.970650402011906;54
A;Ambulanse;A_037;H_045;2026-01-15T10:04:05Z;4;Ingrid Waale;5.751852311034518;58.96315746666901;67
P;Politi;P03;H_043;2026-01-15T10:04:05Z;3;Bjarte Olavsen;5.654829690075598;58.896677606039432;142
B;Brann;SC_002;H_045;2026-01-15T10:04:05Z;5;Bjorn Bjornsen;5.74622880658023;58.970551022348481;55
A;Ambulanse;A_037;H_045;2026-01-15T10:04:06.66Z;4;Ingrid Waale;5.7527196162214;58.963900233296101;68
B;Brann;SC_002;H_045;2026-01-15T10:04:06.66Z;5;Bjorn Bjornsen;5.747111018842625;58.970257291628521;56
A;Ambulanse;A_037;H_045;2026-01-15T10:04:08.33Z;4;Ingrid Waale;5.753586921408282;58.9646429999232;69
B;Brann;SC_002;H_045;2026-01-15T10:04:08.33Z;5;Bjorn Bjornsen;5.747993231105019;58.969963560908553;57
A;Ambulanse;A_037;H_045;2026-01-15T10:04:10Z;4;Ingrid Waale;5.754454226595165;58.965385766550291;70
B;Brann;SC_002;H_045;2026-01-15T10:04:10Z;5;Bjorn Bjornsen;5.748875443367414;58.969669830188593;58
A;Ambulanse;A_037;H_045;2026-01-15T10:04:11.66Z;4;Ingrid Waale;5.755261212995104;58.965519177906316;71
B;Brann;SC_002;H_045;2026-01-15T10:04:11.66Z;5;Bjorn Bjornsen;5.749414900333264;58.969456014971051;59
A;Ambulanse;A_037;H_045;2026-01-15T10:04:13.33Z;4;Ingrid Waale;5.756068199395044;58.965652589262341;72
B;Brann;SC_002;H_045;2026-01-15T10:04:13.33Z;5;Bjorn Bjornsen;5.749954357299115;58.969242199753502;60
A;Ambulanse;A_037;H_045;2026-01-15T10:04:15Z;4;Ingrid Waale;5.756875185794983;58.965786000618365;73
B;Brann;SC_002;H_045;2026-01-15T10:04:15Z;5;Bjorn Bjornsen;5.750493814264964;58.96902838453596;61
A;Ambulanse;A_037;H_045;2026-01-15T10:04:16.66Z;4;Ingrid Waale;5.757693502050498;58.965796729999724;74
B;Brann;SC_002;H_045;2026-01-15T10:04:16.66Z;5;Bjorn Bjornsen;5.751475971220624;58.968718138853625;62
A;Ambulanse;A_037;H_045;2026-01-15T10:04:18.33Z;4;Ingrid Waale;5.758511818306012;58.965807459381075;75
B;Brann;SC_002;H_045;2026-01-15T10:04:18.33Z;5;Bjorn Bjornsen;5.752458128176283;58.968407893171289;63
A;Ambulanse;A_037;H_045;2026-01-15T10:04:20Z;4;Ingrid Waale;5.759330134561527;58.965818188762434;76
B;Brann;SC_002;H_045;2026-01-15T10:04:20Z;5;Bjorn Bjornsen;5.753440285131942;58.968097647488953;64
A;Ambulanse;A_037;H_045;2026-01-15T10:04:21.66Z;4;Ingrid Waale;5.760143448580982;58.965751396724393;77
B;Brann;SC_002;H_045;2026-01-15T10:04:21.66Z;5;Bjorn Bjornsen;5.754053113912137;58.96789502303951;65
A;Ambulanse;A_037;H_045;2026-01-15T10:04:23.33Z;4;Ingrid Waale;5.760956762600437;58.965684604686345;78
B;Brann;SC_002;H_045;2026-01-15T10:04:23.33Z;5;Bjorn Bjornsen;5.754665942692331;58.967692398590067;66
A;Ambulanse;A_037;H_045;2026-01-15T10:04:25Z;4;Ingrid Waale;5.761770076619893;58.965617812648304;79
B;Brann;SC_002;H_045;2026-01-15T10:04:25Z;5;Bjorn Bjornsen;5.755278771472526;58.967489774140624;67
A;Ambulanse;A_037;H_045;2026-01-15T10:04:26.66Z;4;Ingrid Waale;5.762038628627329;58.965585814884271;80
B;Brann;SC_002;H_045;2026-01-15T10:04:26.66Z;5;Bjorn Bjornsen;5.755609416088538;58.967369475675788;68
A;Ambulanse;A_037;H_045;2026-01-15T10:04:28.33Z;4;Ingrid Waale;5.762307180634766;58.965553817120238;81
B;Brann;SC_002;H_045;2026-01-15T10:04:28.33Z;5;Bjorn Bjornsen;5.755940060704549;58.967249177210952;69
A;Ambulanse;A_037;H_045;2026-01-15T10:04:30Z;4;Ingrid Waale;5.762575732642202;58.965521819356205;82
B;Brann;SC_002;H_045;2026-01-15T10:04:30Z;5;Bjorn Bjornsen;5.75627070532056;58.967128878746117;70
A;Ambulanse;A_037;H_045;2026-01-15T10:04:31.66Z;4;Ingrid Waale;5.763101644697348;58.965385944272924;83
B;Brann;SC_002;H_045;2026-01-15T10:04:31.66Z;5;Bjorn Bjornsen;5.756651683014751;58.966680544571879;71
A;Ambulanse;A_037;H_045;2026-01-15T10:04:33.33Z;4;Ingrid Waale;5.763627556752493;58.965250069189644;84
B;Brann;SC_002;H_045;2026-01-15T10:04:33.33Z;5;Bjorn Bjornsen;5.757032660708942;58.966232210397635;72
A;Ambulanse;A_037;H_045;2026-01-15T10:04:35Z;4;Ingrid Waale;5.764153468807639;58.965114194106363;85
B;Brann;SC_002;H_045;2026-01-15T10:04:35Z;5;Bjorn Bjornsen;5.757413638403134;58.965783876223398;73
A;Ambulanse;A_037;H_045;2026-01-15T10:04:36.66Z;4;Ingrid Waale;5.764612343822276;58.96504258442598;86
B;Brann;SC_002;H_045;2026-01-15T10:04:36.66Z;5;Bjorn Bjornsen;5.757838195721956;58.965782862299228;74
A;Ambulanse;A_037;H_045;2026-01-15T10:04:38.33Z;4;Ingrid Waale;5.765071218836914;58.964970974745597;87
B;Brann;SC_002;H_045;2026-01-15T10:04:38.33Z;5;Bjorn Bjornsen;5.758262753040779;58.965781848375052;75
A;Ambulanse;A_037;H_045;2026-01-15T10:04:40Z;4;Ingrid Waale;5.765530093851551;58.964899365065214;88
B;Brann;SC_002;H_045;2026-01-15T10:04:40Z;5;Bjorn Bjornsen;5.758687310359602;58.965780834450882;76
A;Ambulanse;A_037;H_045;2026-01-15T10:04:41.66Z;4;Ingrid Waale;5.765973710067078;58.965026039967171;89
B;Brann;SC_002;H_045;2026-01-15T10:04:41.66Z;5;Bjorn Bjornsen;5.759272914336916;58.965763772268616;77
A;Ambulanse;A_037;H_045;2026-01-15T10:04:43.33Z;4;Ingrid Waale;5.766417326282604;58.965152714869134;90
B;Brann;SC_002;H_045;2026-01-15T10:04:43.33Z;5;Bjorn Bjornsen;5.759858518314228;58.965746710086343;78
A;Ambulanse;A_037;H_045;2026-01-15T10:04:45Z;4;Ingrid Waale;5.766860942498131;58.965279389771091;91
B;Brann;SC_002;H_045;2026-01-15T10:04:45Z;5;Bjorn Bjornsen;5.760444122291542;58.965729647904077;79
A;Ambulanse;A_037;H_045;2026-01-15T10:04:46.66Z;4;Ingrid Waale;5.767083074089816;58.965192714936769;92
B;Brann;SC_002;H_045;2026-01-15T10:04:46.66Z;5;Bjorn Bjornsen;5.760694111341302;58.965723954507105;80
A;Ambulanse;A_037;H_045;2026-01-15T10:04:48.33Z;4;Ingrid Waale;5.767305205681501;58.965106040102448;93
B;Brann;SC_002;H_045;2026-01-15T10:04:48.33Z;5;Bjorn Bjornsen;5.760944100391064;58.96571826111014;81
A;Ambulanse;A_037;H_045;2026-01-15T10:04:50Z;4;Ingrid Waale;5.767527337273185;58.965019365268127;94
B;Brann;SC_002;H_045;2026-01-15T10:04:50Z;5;Bjorn Bjornsen;5.761194089440824;58.965712567713169;82
B;Brann;SC_002;H_045;2026-01-15T10:04:51.66Z;5;Bjorn Bjornsen;5.761467959845424;58.965675031203567;83
B;Brann;SC_002;H_045;2026-01-15T10:04:53.33Z;5;Bjorn Bjornsen;5.761741830250023;58.965637494693965;84
B;Brann;SC_002;H_045;2026-01-15T10:04:55Z;5;Bjorn Bjornsen;5.762015700654623;58.965599958184363;85
B;Brann;SC_002;H_045;2026-01-15T10:04:56.66Z;5;Bjorn Bjornsen;5.762265505461286;58.965566610630837;86
B;Brann;SC_002;H_045;2026-01-15T10:04:58.33Z;5;Bjorn Bjornsen;5.76251531026795;58.965533263077319;87
B;Brann;SC_002;H_045;2026-01-15T10:05:00Z;5;Bjorn Bjornsen;5.762765115074613;58.965499915523793;88
B;Brann;SC_002;H_045;2026-01-15T10:05:01.66Z;5;Bjorn Bjornsen;5.763048294253255;58.96541369243716;89
B;Brann;SC_002;H_045;2026-01-15T10:05:03.33Z;5;Bjorn Bjornsen;5.763331473431897;58.96532746935052;90
B;Brann;SC_002;H_045;2026-01-15T10:05:05Z;5;Bjorn Bjornsen;5.763614652610539;58.965241246263886;91
B;Brann;SC_002;H_045;2026-01-15T10:05:06.66Z;5;Bjorn Bjornsen;5.763842815873464;58.965174752052626;92
B;Brann;SC_002;H_045;2026-01-15T10:05:08.33Z;5;Bjorn Bjornsen;5.764070979136389;58.965108257841358;93
B;Brann;SC_002;H_045;2026-01-15T10:05:10Z;5;Bjorn Bjornsen;5.764299142399314;58.965041763630097;94
B;Brann;SC_002;H_045;2026-01-15T10:05:11.66Z;5;Bjorn Bjornsen;5.764534987723417;58.965003458882748;95
B;Brann;SC_002;H_045;2026-01-15T10:05:13.33Z;5;Bjorn Bjornsen;5.76477083304752;58.964965154135392;96
B;Brann;SC_002;H_045;2026-01-15T10:05:15Z;5;Bjorn Bjornsen;5.765006678371623;58.964926849388043;97
B;Brann;SC_002;H_045;2026-01-15T10:05:16.66Z;5;Bjorn Bjornsen;5.765218737879249;58.964934211320802;98
B;Brann;SC_002;H_045;2026-01-15T10:05:18.33Z;5;Bjorn Bjornsen;5.765430797386874;58.964941573253562;99
B;Brann;SC_002;H_045;2026-01-15T10:05:20Z;5;Bjorn Bjornsen;5.7656428568945;58.964948935186321;100
B;Brann;SC_002;H_045;2026-01-15T10:05:21.66Z;5;Bjorn Bjornsen;5.765831842046878;58.96502767884575;101
B;Brann;SC_002;H_045;2026-01-15T10:05:23.33Z;5;Bjorn Bjornsen;5.766020827199255;58.965106422505173;102
B;Brann;SC_002;H_045;2026-01-15T10:05:25Z;5;Bjorn Bjornsen;5.766209812351633;58.965185166164602;103
B;Brann;SC_002;H_045;2026-01-15T10:05:26.66Z;5;Bjorn Bjornsen;5.766479777473964;58.965204588259809;104
B;Brann;SC_002;H_045;2026-01-15T10:05:28.33Z;5;Bjorn Bjornsen;5.766749742596295;58.965224010355016;105
B;Brann;SC_002;H_045;2026-01-15T10:05:30Z;5;Bjorn Bjornsen;5.767019707718625;58.965243432450222;106
B;Brann;SC_002;H_045;2026-01-15T10:05:31.66Z;5;Bjorn Bjornsen;5.76725204271794;58.9651614395897;107
B;Brann;SC_002;H_045;2026-01-15T10:05:33.33Z;5;Bjorn Bjornsen;5.767484377717255;58.965079446729177;108
B;Brann;SC_002;H_045;2026-01-15T10:05:35Z;5;Bjorn Bjornsen;5.76771671271657;58.964997453868655;109
